2012-11-06	2012-11-07	GQR (D)	Phone	http://www.democracycorps.com/Economy-Project/engaging-the-big-economic-issues-ahead/	Likely Voters	0.51	0.45	0
2012-11-05	2012-11-07	Gallup	Phone	http://www.gallup.com/poll/113980/Gallup-Daily-Obama-Job-Approval.aspx	Adults	0.49	0.44	0
2012-11-03	2012-11-05	YouGov/Economist	Internet	http://cdn.yougov.com/cumulus_uploads/document/6pkdh10fns/econToplines.pdf	Adults	0.45	0.51	0.04
2012-11-03	2012-11-05	YouGov/Economist	Internet	http://cdn.yougov.com/cumulus_uploads/document/6pkdh10fns/econToplines.pdf	Adults - Democrat	0.85	0.13	0.02
2012-11-03	2012-11-05	YouGov/Economist	Internet	http://cdn.yougov.com/cumulus_uploads/document/6pkdh10fns/econToplines.pdf	Adults - Republican	0.05	0.92	0.02
2012-11-03	2012-11-05	YouGov/Economist	Internet	http://cdn.yougov.com/cumulus_uploads/document/6pkdh10fns/econToplines.pdf	Adults - independent	0.42	0.56	0.01
2012-11-03	2012-11-05	Gravis Marketing	Automated Phone	http://www.gravispolls.com/2012/11/gravis-marketing-national-poll-shows.html	Likely Voters	0.46	0.49	0.06
2012-11-03	2012-11-05	Rasmussen	Automated Phone	http://www.rasmussenreports.com/public_content/politics/obama_administration/obama_approval_index_history	Likely Voters	0.5	0.49	0
2012-11-03	2012-11-05	Rasmussen	Automated Phone	http://www.rasmussenreports.com/public_content/politics/obama_administration/daily_presidential_tracking_poll	Likely Voters	0.5	0.49	0
2012-11-04	2012-11-04	Rasmussen	Automated Phone	http://www.rasmussenreports.com/public_content/politics/elections/election_2012/election_2012_presidential_election/ohio/election_2012_ohio_president	Likely Voters	0.51	0.48	0
2012-11-02	2012-11-04	PPP (D-Americans United for Change)	Automated Phone	http://www.publicpolicypolling.com/pdf/2011/PPP_Release_TrackingPoll_113.pdf	Likely Voters	0.48	0.48	0.04
2012-11-02	2012-11-04	PPP (D-Americans United for Change)	Automated Phone	http://www.publicpolicypolling.com/pdf/2011/PPP_Release_TrackingPoll_113.pdf	Likely Voters - Democrat	0.79	0.18	0.03
2012-11-02	2012-11-04	PPP (D-Americans United for Change)	Automated Phone	http://www.publicpolicypolling.com/pdf/2011/PPP_Release_TrackingPoll_113.pdf	Likely Voters - Republican	0.11	0.87	0.02
2012-11-02	2012-11-04	PPP (D-Americans United for Change)	Automated Phone	http://www.publicpolicypolling.com/pdf/2011/PPP_Release_TrackingPoll_113.pdf	Likely Voters - independent	0.5	0.43	0.07
2012-11-02	2012-11-04	CNN	Phone	http://i2.cdn.turner.com/cnn/2012/images/11/04/top16.pdf	Likely Voters	0.51	0.45	0.04
2012-11-01	2012-11-04	Gallup	Phone	http://www.gallup.com/poll/113980/Gallup-Daily-Obama-Job-Approval.aspx	Adults	0.52	0.45	0
2012-11-01	2012-11-04	ABC/Post	Phone	http://www.washingtonpost.com/blogs/the-fix/wp/2012/11/05/wapo-abc-tracking-poll-final-weekend-tally-is-obama-50-romney-47-still-a-margin-of-error-contest/	Registered Voters	0.52	0.46	0
2012-11-01	2012-11-04	ABC/Post	Phone	http://www.washingtonpost.com/blogs/the-fix/wp/2012/11/05/wapo-abc-tracking-poll-final-weekend-tally-is-obama-50-romney-47-still-a-margin-of-error-contest/	Registered Voters - Democrat	0.87	0.12	0
2012-11-01	2012-11-04	ABC/Post	Phone	http://www.washingtonpost.com/blogs/the-fix/wp/2012/11/05/wapo-abc-tracking-poll-final-weekend-tally-is-obama-50-romney-47-still-a-margin-of-error-contest/	Registered Voters - Republican	0.12	0.87	0
2012-11-01	2012-11-04	ABC/Post	Phone	http://www.washingtonpost.com/blogs/the-fix/wp/2012/11/05/wapo-abc-tracking-poll-final-weekend-tally-is-obama-50-romney-47-still-a-margin-of-error-contest/	Registered Voters - independent	0.5	0.47	0
2012-11-01	2012-11-04	DailyKos/SEIU/PPP (D)	Automated Phone	http://www.dailykos.com/weeklypolling/2012/11/1	Likely Voters	0.48	0.49	0.02
2012-11-01	2012-11-04	DailyKos/SEIU/PPP (D)	Automated Phone	http://www.dailykos.com/weeklypolling/2012/11/1	Likely Voters - Democrat	0.88	0.11	0.01
2012-11-01	2012-11-04	DailyKos/SEIU/PPP (D)	Automated Phone	http://www.dailykos.com/weeklypolling/2012/11/1	Likely Voters - Republican	0.11	0.88	0.01
2012-11-01	2012-11-04	DailyKos/SEIU/PPP (D)	Automated Phone	http://www.dailykos.com/weeklypolling/2012/11/1	Likely Voters - independent	0.43	0.52	0.05
2012-11-01	2012-11-04	Democracy Corps (D)	Phone	http://big.assets.huffingtonpost.com/demcorpstracker.pdf	Likely Voters	0.52	0.45	0.07
2012-11-02	2012-11-03	PPP (D)	Automated Phone	http://www.publicpolicypolling.com/pdf/2011/PPP_Release_PAWI_1103.pdf	Likely Voters	0.48	0.48	0.05
2012-11-01	2012-11-03	NBC/WSJ	Phone	http://firstread.nbcnews.com/_news/2012/11/04/14924205-final-national-nbcwsj-poll-before-tuesday-obama-48-percent-romney-47-percent?lite	Likely Voters	0.49	0.49	0.02
2012-11-01	2012-11-03	PPP (D)	Automated Phone	http://www.publicpolicypolling.com/pdf/2011/PPP_Release_MI_1103.pdf	Likely Voters	0.45	0.49	0.06
2012-10-31	2012-11-02	Rasmussen	Automated Phone	http://www.rasmussenreports.com/public_content/politics/obama_administration/obama_approval_index_history	Likely Voters	0.51	0.48	0
2012-10-31	2012-11-01	Purple Strategies	Mixed	http://www.purplestrategies.com/wp-content/uploads/November110212_v4.pdf	Likely Voters	0.44	0.48	0.08
2012-10-30	2012-11-01	PPP (D-Americans United for Change)	Automated Phone	http://www.publicpolicypolling.com/pdf/2011/PPP_Release_TrackingPoll_111.pdf	Likely Voters	0.48	0.5	0.03
2012-10-30	2012-11-01	PPP (D-Americans United for Change)	Automated Phone	http://www.publicpolicypolling.com/pdf/2011/PPP_Release_TrackingPoll_111.pdf	Likely Voters - Democrat	0.81	0.17	0.02
2012-10-30	2012-11-01	PPP (D-Americans United for Change)	Automated Phone	http://www.publicpolicypolling.com/pdf/2011/PPP_Release_TrackingPoll_111.pdf	Likely Voters - Republican	0.11	0.87	0.03
2012-10-30	2012-11-01	PPP (D-Americans United for Change)	Automated Phone	http://www.publicpolicypolling.com/pdf/2011/PPP_Release_TrackingPoll_111.pdf	Likely Voters - independent	0.45	0.51	0.04
2012-10-29	2012-11-01	Politico/GWU/Battleground	Phone	https://mediarelations.gwu.edu/sites/mediarelations.gwu.edu/files/downloads/Questionnaire%20and%20Results_6.pdf	Likely Voters	0.49	0.49	0.02
2012-10-26	2012-11-01	UPI/CVOTER	Phone	http://www.scribd.com/doc/111916274/UPI-CVoter-International-tracking-poll-11-2	Adults	0.49	0.45	0.06
2012-10-28	2012-10-31	ABC/Post	Phone	http://www.washingtonpost.com/blogs/the-fix/wp/2012/11/01/wapo-abc-tracking-poll-presidential-contest-as-close-as-close-can-be/	Registered Voters	0.5	0.48	0
2012-10-28	2012-10-31	ABC/Post	Phone	http://www.washingtonpost.com/blogs/the-fix/wp/2012/11/01/wapo-abc-tracking-poll-presidential-contest-as-close-as-close-can-be/	Registered Voters - Democrat	0.86	0.13	0
2012-10-28	2012-10-31	ABC/Post	Phone	http://www.washingtonpost.com/blogs/the-fix/wp/2012/11/01/wapo-abc-tracking-poll-presidential-contest-as-close-as-close-can-be/	Registered Voters - Republican	0.09	0.9	0
2012-10-28	2012-10-31	ABC/Post	Phone	http://www.washingtonpost.com/blogs/the-fix/wp/2012/11/01/wapo-abc-tracking-poll-presidential-contest-as-close-as-close-can-be/	Registered Voters - independent	0.49	0.49	0
2012-10-28	2012-10-30	Rasmussen	Automated Phone	http://www.rasmussenreports.com/public_content/politics/obama_administration/obama_approval_index_history	Likely Voters	0.49	0.49	0
2012-10-22	2012-10-30	High Point University	Phone	http://acme.highpoint.edu/~mkifer/src/19memoC.pdf	Registered Voters	0.47	0.48	0.05
2012-10-26	2012-10-28	YouGov/Economist	Internet	http://today.yougov.com/news/2012/10/31/hurricane-sandy-obama-one/	Adults	0.47	0.48	0.05
2012-10-26	2012-10-28	YouGov/Economist	Internet	http://today.yougov.com/news/2012/10/31/hurricane-sandy-obama-one/	Adults - Democrat	0.89	0.08	0.03
2012-10-26	2012-10-28	YouGov/Economist	Internet	http://today.yougov.com/news/2012/10/31/hurricane-sandy-obama-one/	Adults - Republican	0.09	0.88	0.02
2012-10-26	2012-10-28	YouGov/Economist	Internet	http://today.yougov.com/news/2012/10/31/hurricane-sandy-obama-one/	Adults - independent	0.41	0.55	0.04
2012-10-26	2012-10-28	Gallup	Phone	http://www.gallup.com/poll/113980/Gallup-Daily-Obama-Job-Approval.aspx	Adults	0.51	0.44	0
2012-10-26	2012-10-28	PPP (D-Americans United for Change)	Automated Phone	http://www.publicpolicypolling.com/pdf/2011/102610271028TrackerResults.pdf	Likely Voters	0.46	0.51	0.03
2012-10-26	2012-10-28	PPP (D-Americans United for Change)	Automated Phone	http://www.publicpolicypolling.com/pdf/2011/102610271028TrackerResults.pdf	Likely Voters - Democrat	0.84	0.13	0.03
2012-10-26	2012-10-28	PPP (D-Americans United for Change)	Automated Phone	http://www.publicpolicypolling.com/pdf/2011/102610271028TrackerResults.pdf	Likely Voters - Republican	0.1	0.89	0.02
2012-10-26	2012-10-28	PPP (D-Americans United for Change)	Automated Phone	http://www.publicpolicypolling.com/pdf/2011/102610271028TrackerResults.pdf	Likely Voters - independent	0.41	0.53	0.06
2012-10-26	2012-10-28	PPP (D)	Automated Phone	http://www.publicpolicypolling.com/pdf/2011/PPP_Release_FL_1028.pdf	Likely Voters	0.48	0.5	0.02
2012-10-25	2012-10-28	CBS/Times	Phone	http://big.assets.huffingtonpost.com/OctQuin.pdf	Adults	0.5	0.42	0.08
2012-10-25	2012-10-28	CBS/Times	Phone	http://big.assets.huffingtonpost.com/OctQuin.pdf	Adults - Democrat	0.89	0.05	0.05
2012-10-25	2012-10-28	CBS/Times	Phone	http://big.assets.huffingtonpost.com/OctQuin.pdf	Adults - Republican	0.09	0.88	0.03
2012-10-25	2012-10-28	CBS/Times	Phone	http://big.assets.huffingtonpost.com/OctQuin.pdf	Adults - independent	0.42	0.44	0.13
2012-10-25	2012-10-28	DailyKos/SEIU/PPP (D)	Automated Phone	http://www.dailykos.com/weeklypolling/2012/10/25	Likely Voters	0.46	0.5	0.03
2012-10-25	2012-10-28	DailyKos/SEIU/PPP (D)	Automated Phone	http://www.dailykos.com/weeklypolling/2012/10/25	Likely Voters - Democrat	0.84	0.11	0.05
2012-10-25	2012-10-28	DailyKos/SEIU/PPP (D)	Automated Phone	http://www.dailykos.com/weeklypolling/2012/10/25	Likely Voters - Republican	0.08	0.91	0.01
2012-10-25	2012-10-28	DailyKos/SEIU/PPP (D)	Automated Phone	http://www.dailykos.com/weeklypolling/2012/10/25	Likely Voters - independent	0.43	0.52	0.05
2012-10-25	2012-10-27	Rasmussen	Automated Phone	http://www.rasmussenreports.com/public_content/politics/obama_administration/obama_approval_index_history	Likely Voters	0.47	0.52	0
2012-10-24	2012-10-27	ABC/Post	Phone	http://www.washingtonpost.com/blogs/the-fix/wp/2012/10/29/wapo-abc-track-49-romney-48-obama-three-days-running/	Registered Voters	0.5	0.46	0
2012-10-24	2012-10-27	ABC/Post	Phone	http://www.washingtonpost.com/blogs/the-fix/wp/2012/10/29/wapo-abc-track-49-romney-48-obama-three-days-running/	Registered Voters - Democrat	0.88	0.1	0
2012-10-24	2012-10-27	ABC/Post	Phone	http://www.washingtonpost.com/blogs/the-fix/wp/2012/10/29/wapo-abc-track-49-romney-48-obama-three-days-running/	Registered Voters - Republican	0.11	0.87	0
2012-10-24	2012-10-27	ABC/Post	Phone	http://www.washingtonpost.com/blogs/the-fix/wp/2012/10/29/wapo-abc-track-49-romney-48-obama-three-days-running/	Registered Voters - independent	0.44	0.52	0
2012-10-23	2012-10-25	NPR	Phone	http://media.npr.org/documents/2012/oct/NPROctpoll.pdf	Likely Voters	0.49	0.49	0.02
2012-10-23	2012-10-25	NPR	Phone	http://media.npr.org/documents/2012/oct/NPROctpoll.pdf	Likely Voters - Democrat	0.94	0.06	0.01
2012-10-23	2012-10-25	NPR	Phone	http://media.npr.org/documents/2012/oct/NPROctpoll.pdf	Likely Voters - Republican	0.06	0.93	0
2012-10-23	2012-10-25	NPR	Phone	http://media.npr.org/documents/2012/oct/NPROctpoll.pdf	Likely Voters - independent	0.42	0.54	0.03
2012-10-23	2012-10-25	Gallup	Phone	http://www.gallup.com/poll/113980/Gallup-Daily-Obama-Job-Approval.aspx	Adults	0.48	0.47	0
2012-10-23	2012-10-25	PPP (D-Americans United for Change)	Automated Phone	http://www.publicpolicypolling.com/pdf/2011/102310241025Results.pdf	Likely Voters	0.46	0.51	0.04
2012-10-23	2012-10-25	PPP (D-Americans United for Change)	Automated Phone	http://www.publicpolicypolling.com/pdf/2011/102310241025Results.pdf	Likely Voters - Democrat	0.82	0.15	0.03
2012-10-23	2012-10-25	PPP (D-Americans United for Change)	Automated Phone	http://www.publicpolicypolling.com/pdf/2011/102310241025Results.pdf	Likely Voters - Republican	0.11	0.87	0.02
2012-10-23	2012-10-25	PPP (D-Americans United for Change)	Automated Phone	http://www.publicpolicypolling.com/pdf/2011/102310241025Results.pdf	Likely Voters - independent	0.38	0.55	0.07
2012-10-22	2012-10-25	Politico/GWU/Battleground	Phone	http://images.politico.com/global/2012/10/politico_gwbgp_oct29_questionnaire.html	Likely Voters	0.5	0.49	0.02
2012-10-19	2012-10-25	UPI/CVOTER	Phone	http://big.assets.huffingtonpost.com/upi102612.pdf	Adults	0.5	0.44	0.06
2012-10-22	2012-10-24	Rasmussen	Automated Phone	http://www.rasmussenreports.com/public_content/politics/obama_administration/obama_approval_index_history	Likely Voters	0.49	0.5	0
2012-10-20	2012-10-23	ABC/Post	Phone	http://www.washingtonpost.com/blogs/the-fix/wp/2012/10/24/post-abc-tracking-poll-obama-wins-final-debate-romney-gains-supporters/	Likely Voters	0.5	0.49	0
2012-10-19	2012-10-23	AP-GfK	Phone	http://ap-gfkpoll.com/main/wp-content/uploads/2012/10/AP-GfK-Poll-October-2012-Topline_POLITICS.pdf	Adults	0.52	0.45	0.04
2012-10-20	2012-10-22	PPP (D-Americans United for Change)	Automated Phone	http://www.publicpolicypolling.com/pdf/2011/102010211022TrackingPoll.pdf	Likely Voters	0.45	0.51	0.04
2012-10-20	2012-10-22	YouGov/Economist	Internet	http://cdn.yougov.com/cumulus_uploads/document/75qcgwj577/econToplines.pdf	Adults	0.44	0.54	0.01
2012-10-20	2012-10-22	Gallup	Phone	http://www.gallup.com/poll/113980/Gallup-Daily-Obama-Job-Approval.aspx	Adults	0.51	0.45	0
2012-10-19	2012-10-21	Rasmussen	Automated Phone	http://www.rasmussenreports.com/public_content/politics/obama_administration/obama_approval_index_history	Likely Voters	0.5	0.49	0
2012-10-18	2012-10-21	DailyKos/SEIU/PPP (D)	Automated Phone	http://www.dailykos.com/weeklypolling/2012/10/18	Likely Voters	0.45	0.5	0.05
2012-10-18	2012-10-21	DailyKos/SEIU/PPP (D)	Automated Phone	http://www.dailykos.com/weeklypolling/2012/10/18	Likely Voters - Democrat	0.82	0.14	0.04
2012-10-18	2012-10-21	DailyKos/SEIU/PPP (D)	Automated Phone	http://www.dailykos.com/weeklypolling/2012/10/18	Likely Voters - Republican	0.08	0.89	0.02
2012-10-18	2012-10-21	DailyKos/SEIU/PPP (D)	Automated Phone	http://www.dailykos.com/weeklypolling/2012/10/18	Likely Voters - independent	0.38	0.53	0.09
2012-10-18	2012-10-21	Democracy Corps (D)	Phone	http://www.democracycorps.com/attachments/article/918/dcor.ecn.fq.102112.pol.v2.pdf	Likely Voters	0.5	0.48	0.02
2012-10-15	2012-10-21	Gallup	Phone	http://www.gallup.com/poll/157817/election-2012-likely-voters-trial-heat-obama-romney.aspx	Likely Voters	0.49	0.46	0
2012-10-17	2012-10-20	CBS	Phone	http://www.cbsnews.com/8301-250_162-57537588/poll-ahead-of-third-debate-obama-leads-on-foreign-policy/?pageNum=2&tag=page	Adults	0.49	0.42	0.09
2012-10-17	2012-10-20	NBC/WSJ	Phone	http://msnbcmedia.msn.com/i/MSNBC/Sections/A_Politics/nbc_oct_poll.pdf	Registered Voters	0.49	0.48	0.03
2012-10-17	2012-10-19	Gallup	Phone	http://www.gallup.com/poll/113980/Gallup-Daily-Obama-Job-Approval.aspx	Adults	0.49	0.46	0
2012-10-17	2012-10-19	PPP (D-Americans United for Change)	Automated Phone	http://www.publicpolicypolling.com/pdf/2011/PPP_Release_TrackingPoll_1019Evening.pdf	Likely Voters	0.47	0.49	0.04
2012-10-17	2012-10-19	PPP (D-Americans United for Change)	Automated Phone	http://www.publicpolicypolling.com/pdf/2011/PPP_Release_TrackingPoll_1019Evening.pdf	Likely Voters - Democrat	0.82	0.14	0.04
2012-10-17	2012-10-19	PPP (D-Americans United for Change)	Automated Phone	http://www.publicpolicypolling.com/pdf/2011/PPP_Release_TrackingPoll_1019Evening.pdf	Likely Voters - Republican	0.1	0.88	0.03
2012-10-17	2012-10-19	PPP (D-Americans United for Change)	Automated Phone	http://www.publicpolicypolling.com/pdf/2011/PPP_Release_TrackingPoll_1019Evening.pdf	Likely Voters - independent	0.4	0.55	0.05
2012-10-18	2012-10-18	Gravis Marketing	Automated Phone	http://www.gravispolls.com/2012/10/national-presidential-pollromney-46.html	Likely Voters	0.39	0.49	0.12
2012-10-16	2012-10-18	Rasmussen	Automated Phone	http://www.rasmussenreports.com/public_content/politics/obama_administration/obama_approval_index_history	Likely Voters	0.48	0.51	0
2012-10-14	2012-10-18	Politico/GWU/Battleground	Phone	http://images.politico.com/global/2012/10/politico_gwbgp_oct22_questionnaire.html	Likely Voters	0.49	0.48	0.02
2012-10-14	2012-10-16	Gallup	Phone	http://www.gallup.com/poll/113980/Gallup-Daily-Obama-Job-Approval.aspx	Adults	0.49	0.45	0
2012-10-13	2012-10-15	YouGov/Economist	Internet	http://today.yougov.com/news/2012/10/17/likely-voters-give-president-one-point-edge/	Adults	0.46	0.52	0.03
2012-10-13	2012-10-15	YouGov/Economist	Internet	http://today.yougov.com/news/2012/10/17/likely-voters-give-president-one-point-edge/	Adults - Democrat	0.91	0.09	0.01
2012-10-13	2012-10-15	YouGov/Economist	Internet	http://today.yougov.com/news/2012/10/17/likely-voters-give-president-one-point-edge/	Adults - Republican	0.05	0.95	0
2012-10-13	2012-10-15	YouGov/Economist	Internet	http://today.yougov.com/news/2012/10/17/likely-voters-give-president-one-point-edge/	Adults - independent	0.44	0.54	0.02
2012-10-13	2012-10-15	Rasmussen	Automated Phone	http://www.rasmussenreports.com/public_content/politics/obama_administration/obama_approval_index_history	Likely Voters	0.48	0.51	0
2012-10-12	2012-10-14	DailyKos/SEIU/PPP (D)	Automated Phone	http://www.dailykos.com/weeklypolling/2012/10/12	Registered Voters - Democrat	0.85	0.13	0.02
2012-10-12	2012-10-14	DailyKos/SEIU/PPP (D)	Automated Phone	http://www.dailykos.com/weeklypolling/2012/10/12	Registered Voters - Republican	0.06	0.92	0.02
2012-10-12	2012-10-14	DailyKos/SEIU/PPP (D)	Automated Phone	http://www.dailykos.com/weeklypolling/2012/10/12	Registered Voters - independent	0.35	0.56	0.08
2012-10-12	2012-10-14	DailyKos/SEIU/PPP (D)	Automated Phone	http://www.dailykos.com/weeklypolling/2012/10/12	Likely Voters	0.44	0.53	0.04
2012-10-12	2012-10-14	Quinnipiac	Phone	http://www.quinnipiac.edu/institutes-centers/polling-institute/pennsylvania/release-detail?ReleaseID=1807	Likely Voters	0.5	0.48	0.02
2012-10-10	2012-10-13	ABC/Post	Phone	http://www.langerresearch.com/uploads/1142a12012ElectionUpdate.pdf	Adults	0.5	0.44	0.06
2012-10-10	2012-10-12	Rasmussen	Automated Phone	http://www.rasmussenreports.com/public_content/politics/obama_administration/obama_approval_index_history	Likely Voters	0.5	0.49	0
2012-10-07	2012-10-11	Politico/GWU/Battleground	Phone	http://www.politico.com/news/stories/1012/82389.html	Likely Voters	0.5	0.48	0.02
2012-10-08	2012-10-10	Gallup	Phone	http://www.gallup.com/poll/113980/Gallup-Daily-Obama-Job-Approval.aspx	Adults	0.52	0.43	0
2012-10-04	2012-10-10	UPI/CVOTER	Phone	http://big.assets.huffingtonpost.com/UPICvoter1012.pdf	Adults	0.48	0.47	0.05
2012-10-07	2012-10-09	FOX	Phone	http://www.foxnews.com/politics/interactive/2012/10/10/fox-news-poll-race-shifts-toward-romney-after-debate/	Registered Voters	0.49	0.48	0.03
2012-10-07	2012-10-09	FOX	Phone	http://www.foxnews.com/politics/interactive/2012/10/10/fox-news-poll-race-shifts-toward-romney-after-debate/	Registered Voters - Democrat	0.9	0.08	0.02
2012-10-07	2012-10-09	FOX	Phone	http://www.foxnews.com/politics/interactive/2012/10/10/fox-news-poll-race-shifts-toward-romney-after-debate/	Registered Voters - Republican	0.08	0.89	0.03
2012-10-07	2012-10-09	FOX	Phone	http://www.foxnews.com/politics/interactive/2012/10/10/fox-news-poll-race-shifts-toward-romney-after-debate/	Likely Voters	0.43	0.52	0.05
2012-10-07	2012-10-09	Rasmussen	Automated Phone	http://www.rasmussenreports.com/public_content/politics/obama_administration/obama_approval_index_history	Likely Voters	0.49	0.5	0
2012-10-06	2012-10-08	YouGov/Economist	Internet	http://cdn.yougov.com/cumulus_uploads/document/oskexcz53d/econToplines.pdf	Adults	0.45	0.51	0.04
2012-10-06	2012-10-08	YouGov/Economist	Internet	http://cdn.yougov.com/cumulus_uploads/document/oskexcz53d/econToplines.pdf	Adults - Democrat	0.91	0.06	0.03
2012-10-06	2012-10-08	YouGov/Economist	Internet	http://cdn.yougov.com/cumulus_uploads/document/oskexcz53d/econToplines.pdf	Adults - Republican	0.09	0.9	0.02
2012-10-06	2012-10-08	YouGov/Economist	Internet	http://cdn.yougov.com/cumulus_uploads/document/oskexcz53d/econToplines.pdf	Adults - independent	0.35	0.61	0.04
2012-10-05	2012-10-07	Gallup	Phone	http://www.gallup.com/poll/113980/Gallup-Daily-Obama-Job-Approval.aspx	Adults	0.51	0.44	0
2012-10-04	2012-10-07	DailyKos/SEIU/PPP (D)	Automated Phone	http://www.dailykos.com/weeklypolling/2012/10/4	Registered Voters - Democrat	0.84	0.13	0.03
2012-10-04	2012-10-07	DailyKos/SEIU/PPP (D)	Automated Phone	http://www.dailykos.com/weeklypolling/2012/10/4	Registered Voters - Republican	0.06	0.93	0.01
2012-10-04	2012-10-07	DailyKos/SEIU/PPP (D)	Automated Phone	http://www.dailykos.com/weeklypolling/2012/10/4	Registered Voters - independent	0.34	0.55	0.1
2012-10-04	2012-10-07	DailyKos/SEIU/PPP (D)	Automated Phone	http://www.dailykos.com/weeklypolling/2012/10/4	Likely Voters	0.43	0.53	0.04
2012-10-04	2012-10-06	Rasmussen	Automated Phone	http://www.rasmussenreports.com/public_content/politics/obama_administration/obama_approval_index_history	Likely Voters	0.5	0.49	0
2012-10-02	2012-10-04	Gallup	Phone	http://www.gallup.com/poll/113980/Gallup-Daily-Obama-Job-Approval.aspx	Adults	0.52	0.43	0
2012-10-01	2012-10-04	Politico/GWU/Battleground	Phone	http://www.politico.com/news/stories/1012/82122.html	Likely Voters	0.5	0.48	0.02
2012-10-01	2012-10-03	Rasmussen	Automated Phone	http://www.rasmussenreports.com/public_content/archive/2012_presidential_election_matchups2	Likely Voters	0.49	0.5	0
2012-09-30	2012-10-02	McLaughlin (R-American Conservative Union)	Phone	http://mclaughlinonline.com/lib/sitefiles/National_ACU_10-3-12_Presentation_ACU.pdf	Likely Voters	0.52	0.48	0.01
2012-09-30	2012-10-02	McLaughlin (R-American Conservative Union)	Phone	http://mclaughlinonline.com/lib/sitefiles/National_ACU_10-3-12_Presentation_ACU.pdf	Likely Voters - Democrat	0.92	0.07	0
2012-09-30	2012-10-02	McLaughlin (R-American Conservative Union)	Phone	http://mclaughlinonline.com/lib/sitefiles/National_ACU_10-3-12_Presentation_ACU.pdf	Likely Voters - Republican	0.11	0.89	0
2012-09-30	2012-10-02	McLaughlin (R-American Conservative Union)	Phone	http://mclaughlinonline.com/lib/sitefiles/National_ACU_10-3-12_Presentation_ACU.pdf	Likely Voters - independent	0.5	0.48	0
2012-09-29	2012-10-01	YouGov/Economist	Internet	http://cdn.yougov.com/cumulus_uploads/document/j7g41wxzsz/econToplines.pdf	Adults	0.44	0.52	0.03
2012-09-29	2012-10-01	Gallup	Phone	http://www.gallup.com/poll/113980/Gallup-Daily-Obama-Job-Approval.aspx	Adults	0.48	0.45	0
2012-09-28	2012-09-30	CNN	Phone	http://i2.cdn.turner.com/cnn/2012/images/10/01/rel11a.pdf	Adults	0.49	0.48	0.03
2012-09-28	2012-09-30	CNN	Phone	http://i2.cdn.turner.com/cnn/2012/images/10/01/rel11a.pdf	Registered Voters - Democrat	0.88	0.11	0.01
2012-09-28	2012-09-30	CNN	Phone	http://i2.cdn.turner.com/cnn/2012/images/10/01/rel11a.pdf	Registered Voters - Republican	0.07	0.92	0.01
2012-09-28	2012-09-30	CNN	Phone	http://i2.cdn.turner.com/cnn/2012/images/10/01/rel11a.pdf	Registered Voters - independent	0.42	0.52	0.06
2012-09-28	2012-09-30	Rasmussen	Automated Phone	http://www.rasmussenreports.com/public_content/politics/obama_administration/obama_approval_index_history	Likely Voters	0.49	0.49	0
2012-09-27	2012-09-30	DailyKos/SEIU/PPP (D)	Automated Phone	http://elections.dailykos.com/weeklypolling/2012/9/27	Registered Voters - Democrat	0.83	0.12	0.05
2012-09-27	2012-09-30	DailyKos/SEIU/PPP (D)	Automated Phone	http://elections.dailykos.com/weeklypolling/2012/9/27	Registered Voters - Republican	0.1	0.88	0.02
2012-09-27	2012-09-30	DailyKos/SEIU/PPP (D)	Automated Phone	http://elections.dailykos.com/weeklypolling/2012/9/27	Registered Voters - independent	0.42	0.52	0.06
2012-09-27	2012-09-30	DailyKos/SEIU/PPP (D)	Automated Phone	http://elections.dailykos.com/weeklypolling/2012/9/27	Likely Voters	0.47	0.49	0.04
2012-09-26	2012-09-30	NPR	Phone	http://media.npr.org/documents/2012/oct/nprpoll.pdf	Likely Voters	0.5	0.46	0.04
2012-09-26	2012-09-30	NBC/WSJ	Phone	http://msnbcmedia.msn.com/i/MSNBC/Sections/A_Politics/_Today_Stories_Teases/NBCNews-WSJPoll_9-12.pdf	Registered Voters	0.49	0.48	0.03
2012-09-25	2012-09-30	Quinnipiac	Phone	http://www.quinnipiac.edu/institutes-and-centers/polling-institute/national/release-detail?ReleaseID=1801	Likely Voters	0.48	0.49	0.03
2012-09-26	2012-09-29	ABC/Post	Phone	http://www.langerresearch.com/uploads/1141a1IntotheDebates.pdf	Adults	0.5	0.46	0.04
2012-09-23	2012-09-29	UPI/CVOTER	Phone	http://www.scribd.com/doc/108575814/UPI-CVoter-Tracking-Poll-10-1	Adults	0.49	0.47	0.04
2012-09-26	2012-09-28	Gallup	Phone	http://www.gallup.com/poll/113980/Gallup-Daily-Obama-Job-Approval.aspx	Adults	0.48	0.47	0
2012-09-25	2012-09-27	Rasmussen	Automated Phone	http://www.rasmussenreports.com/public_content/politics/obama_administration/obama_approval_index_history	Likely Voters	0.48	0.51	0
2012-09-24	2012-09-27	Politico/GWU/Battleground	Phone	http://www.politico.com/news/stories/0912/81830.html?hp=l1	Likely Voters	0.49	0.49	0
2012-09-24	2012-09-26	FOX	Phone	http://www.foxnews.com/politics/interactive/2012/09/27/fox-news-poll-voters-want-change-president-to-stand-up-for-free-speech/	Registered Voters	0.49	0.48	0.04
2012-09-24	2012-09-26	FOX	Phone	http://www.foxnews.com/politics/interactive/2012/09/27/fox-news-poll-voters-want-change-president-to-stand-up-for-free-speech/	Registered Voters - Democrat	0.89	0.08	0.03
2012-09-24	2012-09-26	FOX	Phone	http://www.foxnews.com/politics/interactive/2012/09/27/fox-news-poll-voters-want-change-president-to-stand-up-for-free-speech/	Registered Voters - Republican	0.09	0.9	0.02
2012-09-24	2012-09-26	FOX	Phone	http://www.foxnews.com/politics/interactive/2012/09/27/fox-news-poll-voters-want-change-president-to-stand-up-for-free-speech/	Registered Voters - independent	0.44	0.49	0.08
2012-09-23	2012-09-25	Gallup	Phone	http://www.gallup.com/poll/113980/Gallup-Daily-Obama-Job-Approval.aspx	Adults	0.51	0.43	0
2012-09-22	2012-09-24	YouGov/Economist	Internet	http://cdn.yougov.com/cumulus_uploads/document/dqvatpi3fj/econToplines.pdf	Adults	0.48	0.49	0.02
2012-09-22	2012-09-24	YouGov/Economist	Internet	http://cdn.yougov.com/cumulus_uploads/document/dqvatpi3fj/econToplines.pdf	Adults - Democrat	0.92	0.07	0.01
2012-09-22	2012-09-24	YouGov/Economist	Internet	http://cdn.yougov.com/cumulus_uploads/document/dqvatpi3fj/econToplines.pdf	Adults - Republican	0.06	0.91	0.02
2012-09-22	2012-09-24	YouGov/Economist	Internet	http://cdn.yougov.com/cumulus_uploads/document/dqvatpi3fj/econToplines.pdf	Adults - independent	0.42	0.56	0.02
2012-09-22	2012-09-24	Rasmussen	Automated Phone	http://www.rasmussenreports.com/public_content/politics/obama_administration/obama_approval_index_history	Likely Voters	0.48	0.51	0
2012-09-21	2012-09-24	Bloomberg	Phone	http://media.bloomberg.com/bb/avfile/rhMzOK9Gexhs	Adults	0.49	0.46	0.05
2012-09-20	2012-09-23	DailyKos/SEIU/PPP (D)	Automated Phone	http://elections.dailykos.com/weeklypolling/2012/9/20	Registered Voters - Democrat	0.87	0.09	0.04
2012-09-20	2012-09-23	DailyKos/SEIU/PPP (D)	Automated Phone	http://elections.dailykos.com/weeklypolling/2012/9/20	Registered Voters - Republican	0.05	0.93	0.02
2012-09-20	2012-09-23	DailyKos/SEIU/PPP (D)	Automated Phone	http://elections.dailykos.com/weeklypolling/2012/9/20	Registered Voters - independent	0.39	0.53	0.08
2012-09-20	2012-09-23	DailyKos/SEIU/PPP (D)	Automated Phone	http://elections.dailykos.com/weeklypolling/2012/9/20	Likely Voters	0.47	0.49	0.05
2012-09-20	2012-09-22	Gallup	Phone	http://www.gallup.com/poll/113980/Gallup-Daily-Obama-Job-Approval.aspx	Adults	0.51	0.43	0
2012-09-19	2012-09-21	Rasmussen	Automated Phone	http://www.rasmussenreports.com/public_content/politics/obama_administration/obama_approval_index_history	Likely Voters	0.5	0.49	0
2012-09-17	2012-09-20	ARG	Phone	http://americanresearchgroup.com/economy/	Adults	0.48	0.48	0.04
2012-09-16	2012-09-20	Politico/GWU/Battleground	Phone	http://images.politico.com/global/2012/09/battlegroundpoll.html	Likely Voters	0.5	0.47	0.03
2012-09-17	2012-09-19	Gallup	Phone	http://www.gallup.com/poll/113980/Gallup-Daily-Obama-Job-Approval.aspx	Adults	0.46	0.48	0
2012-09-15	2012-09-19	Allstate/National Journal	Phone	http://www.nationaljournal.com/2012-presidential-campaign/heartland-monitor-poll-obama-leads-50-percent-to-43-percent-20120921	Likely Voters	0.5	0.46	0
2012-09-16	2012-09-18	Rasmussen	Automated Phone	http://www.rasmussenreports.com/public_content/politics/obama_administration/obama_approval_index_history	Likely Voters	0.49	0.5	0
2012-09-15	2012-09-17	YouGov/Economist	Internet	http://cdn.yougov.com/cumulus_uploads/document/w8gq8k2j9r/econToplines.pdf	Adults	0.48	0.48	0.04
2012-09-15	2012-09-17	YouGov/Economist	Internet	http://cdn.yougov.com/cumulus_uploads/document/w8gq8k2j9r/econToplines.pdf	Adults - Democrat	0.87	0.09	0.03
2012-09-15	2012-09-17	YouGov/Economist	Internet	http://cdn.yougov.com/cumulus_uploads/document/w8gq8k2j9r/econToplines.pdf	Adults - Republican	0.04	0.94	0.02
2012-09-15	2012-09-17	YouGov/Economist	Internet	http://cdn.yougov.com/cumulus_uploads/document/w8gq8k2j9r/econToplines.pdf	Adults - independent	0.49	0.48	0.03
2012-09-13	2012-09-17	Reason/Rupe	Phone	http://reason.com/assets/db/13481953038600.pdf	Likely Voters	0.51	0.46	0.04
2012-09-13	2012-09-17	AP-GfK	Phone	http://ap-gfkpoll.com/main/wp-content/uploads/2012/09/AP-GfK-Poll-September-2012-Topline_1st-release.pdf	Adults	0.56	0.4	0.04
2012-09-14	2012-09-16	Gallup	Phone	http://www.gallup.com/poll/113980/Gallup-Daily-Obama-Job-Approval.aspx	Adults	0.5	0.44	0
2012-09-13	2012-09-16	DailyKos/SEIU/PPP (D)	Automated Phone	http://elections.dailykos.com/weeklypolling/2012/9/13	Registered Voters - Democrat	0.87	0.1	0.02
2012-09-13	2012-09-16	DailyKos/SEIU/PPP (D)	Automated Phone	http://elections.dailykos.com/weeklypolling/2012/9/13	Registered Voters - Republican	0.05	0.94	0.02
2012-09-13	2012-09-16	DailyKos/SEIU/PPP (D)	Automated Phone	http://elections.dailykos.com/weeklypolling/2012/9/13	Registered Voters - independent	0.43	0.52	0.05
2012-09-13	2012-09-16	DailyKos/SEIU/PPP (D)	Automated Phone	http://elections.dailykos.com/weeklypolling/2012/9/13	Likely Voters	0.48	0.5	0.02
2012-09-12	2012-09-16	NBC/WSJ	Phone	http://msnbcmedia.msn.com/i/MSNBC/Sections/A_Politics/_Today_Stories_Teases/September_WSJ_NBC_Poll.pdf	Registered Voters	0.5	0.48	0.02
2012-09-13	2012-09-15	Rasmussen	Automated Phone	http://www.rasmussenreports.com/public_content/politics/obama_administration/obama_approval_index_history	Likely Voters	0.5	0.49	0
2012-09-11	2012-09-13	Gallup	Phone	http://www.gallup.com/poll/113980/Gallup-Daily-Obama-Job-Approval.aspx	Adults	0.49	0.43	0
2012-09-11	2012-09-12	JZ Analytics	Internet	http://www.jzanalytics.com/DATA/Crosstabs_US_Voters_091112.pdf	Registered Voters - Democrat	0.89	0.11	0.01
2012-09-11	2012-09-12	JZ Analytics	Internet	http://www.jzanalytics.com/DATA/Crosstabs_US_Voters_091112.pdf	Registered Voters - Republican	0.14	0.86	0.01
2012-09-11	2012-09-12	JZ Analytics	Internet	http://www.jzanalytics.com/DATA/Crosstabs_US_Voters_091112.pdf	Registered Voters - independent	0.48	0.5	0.03
2012-09-11	2012-09-12	JZ Analytics	Internet	http://www.jzanalytics.com/DATA/Crosstabs_US_Voters_091112.pdf	Likely Voters	0.51	0.47	0.02
2012-09-10	2012-09-12	Rasmussen	Automated Phone	http://www.rasmussenreports.com/public_content/politics/obama_administration/obama_approval_index_history	Likely Voters	0.49	0.51	0
2012-09-08	2012-09-12	CBS/Times	Phone	http://s3.documentcloud.org/documents/432864/latest-cbs-news-new-york-times-poll.pdf	Adults	0.51	0.42	0.07
2012-09-08	2012-09-12	Democracy Corps (D)	Phone	http://www.democracycorps.com/attachments/article/908/dcor.political.fq.09132012.web.pdf	Likely Voters	0.49	0.48	0.04
2012-09-09	2012-09-11	FOX	Phone	http://www.foxnews.com/politics/interactive/2012/09/12/fox-news-poll-obama-tops-romney-in-post-convention-poll-most-say-country-still/	Registered Voters	0.48	0.48	0.05
2012-09-08	2012-09-10	YouGov/Economist	Internet	http://cdn.yougov.com/cumulus_uploads/document/38mwx7z6ey/econToplines.pdf	Adults	0.48	0.49	0.04
2012-09-08	2012-09-10	YouGov/Economist	Internet	http://cdn.yougov.com/cumulus_uploads/document/38mwx7z6ey/econToplines.pdf	Adults - Democrat	0.88	0.11	0.01
2012-09-08	2012-09-10	YouGov/Economist	Internet	http://cdn.yougov.com/cumulus_uploads/document/38mwx7z6ey/econToplines.pdf	Adults - Republican	0.04	0.96	0
2012-09-08	2012-09-10	YouGov/Economist	Internet	http://cdn.yougov.com/cumulus_uploads/document/38mwx7z6ey/econToplines.pdf	Adults - independent	0.46	0.51	0.03
2012-09-08	2012-09-10	Gallup	Phone	http://www.gallup.com/poll/113980/Gallup-Daily-Obama-Job-Approval.aspx	Adults	0.5	0.43	0
2012-09-07	2012-09-10	Ipsos/Reuters	Phone	http://big.assets.huffingtonpost.com/ReutersIpsosSeptember2012.pdf	Adults	0.5	0.46	0.03
2012-09-07	2012-09-10	Ipsos/Reuters	Phone	http://big.assets.huffingtonpost.com/ReutersIpsosSeptember2012.pdf	Registered Voters - Democrat	0.88	0.1	0
2012-09-07	2012-09-10	Ipsos/Reuters	Phone	http://big.assets.huffingtonpost.com/ReutersIpsosSeptember2012.pdf	Registered Voters - Republican	0.08	0.91	0
2012-09-07	2012-09-10	Ipsos/Reuters	Phone	http://big.assets.huffingtonpost.com/ReutersIpsosSeptember2012.pdf	Registered Voters - independent	0.39	0.48	0
2012-09-07	2012-09-09	CNN	Phone	http://i2.cdn.turner.com/cnn/2012/images/09/11/rel10b.pdf	Adults	0.51	0.44	0.05
2012-09-07	2012-09-09	CNN	Phone	http://i2.cdn.turner.com/cnn/2012/images/09/11/rel10b.pdf	Registered Voters - Democrat	0.91	0.06	0.03
2012-09-07	2012-09-09	CNN	Phone	http://i2.cdn.turner.com/cnn/2012/images/09/11/rel10b.pdf	Registered Voters - Republican	0.06	0.92	0.02
2012-09-07	2012-09-09	CNN	Phone	http://i2.cdn.turner.com/cnn/2012/images/09/11/rel10b.pdf	Registered Voters - independent	0.44	0.48	0.08
2012-09-07	2012-09-09	DailyKos/SEIU/PPP (D)	Automated Phone	http://elections.dailykos.com/weeklypolling/2012/9/7	Registered Voters - Democrat	0.85	0.11	0.04
2012-09-07	2012-09-09	DailyKos/SEIU/PPP (D)	Automated Phone	http://elections.dailykos.com/weeklypolling/2012/9/7	Registered Voters - Republican	0.09	0.89	0.02
2012-09-07	2012-09-09	DailyKos/SEIU/PPP (D)	Automated Phone	http://elections.dailykos.com/weeklypolling/2012/9/7	Registered Voters - independent	0.37	0.54	0.08
2012-09-07	2012-09-09	DailyKos/SEIU/PPP (D)	Automated Phone	http://elections.dailykos.com/weeklypolling/2012/9/7	Likely Voters	0.47	0.48	0.04
2012-09-07	2012-09-09	ABC/Post	Phone	http://www.langerresearch.com/uploads/1140a1AftertheConventions.pdf	Adults	0.49	0.45	0.06
2012-09-07	2012-09-09	Rasmussen	Automated Phone	http://www.rasmussenreports.com/public_content/politics/obama_administration/obama_approval_index_history	Likely Voters	0.52	0.47	0
2012-09-05	2012-09-07	Gallup	Phone	http://www.gallup.com/poll/113980/Gallup-Daily-Obama-Job-Approval.aspx	Adults	0.52	0.42	0
2012-09-04	2012-09-06	Rasmussen	Automated Phone	http://www.rasmussenreports.com/public_content/archive/2012_presidential_election_matchups2	Likely Voters	0.46	0.54	0
2012-09-02	2012-09-04	Gallup	Phone	http://www.gallup.com/poll/113980/Gallup-Daily-Obama-Job-Approval.aspx	Adults	0.47	0.47	0
2012-09-01	2012-09-03	YouGov/Economist	Internet	http://cdn.yougov.com/cumulus_uploads/document/xlycixojrf/econToplines.pdf	Adults	0.43	0.48	0.09
2012-09-01	2012-09-03	YouGov/Economist	Internet	http://cdn.yougov.com/cumulus_uploads/document/xlycixojrf/econToplines.pdf	Adults - Democrat	0.76	0.17	0.06
2012-09-01	2012-09-03	YouGov/Economist	Internet	http://cdn.yougov.com/cumulus_uploads/document/xlycixojrf/econToplines.pdf	Adults - Republican	0.08	0.91	0.01
2012-09-01	2012-09-03	YouGov/Economist	Internet	http://cdn.yougov.com/cumulus_uploads/document/xlycixojrf/econToplines.pdf	Adults - independent	0.42	0.49	0.09
2012-09-01	2012-09-03	Rasmussen	Automated Phone	http://www.rasmussenreports.com/public_content/politics/obama_administration/obama_approval_index_history	Likely Voters	0.48	0.51	0
2012-08-31	2012-09-03	CNN	Phone	http://politicalticker.blogs.cnn.com/2012/09/04/cnn-poll-did-romney-get-a-convention-bounce/	Adults	0.48	0.45	0.07
2012-08-31	2012-09-03	CNN	Phone	http://politicalticker.blogs.cnn.com/2012/09/04/cnn-poll-did-romney-get-a-convention-bounce/	Registered Voters - Democrat	0.84	0.11	0.05
2012-08-31	2012-09-03	CNN	Phone	http://politicalticker.blogs.cnn.com/2012/09/04/cnn-poll-did-romney-get-a-convention-bounce/	Registered Voters - Republican	0.12	0.84	0.04
2012-08-31	2012-09-03	CNN	Phone	http://politicalticker.blogs.cnn.com/2012/09/04/cnn-poll-did-romney-get-a-convention-bounce/	Registered Voters - independent	0.43	0.47	0.1
2012-08-31	2012-09-02	PPP (D)	Automated Phone	http://www.publicpolicypolling.com/pdf/2011/PPP_Release_MI_9312.pdf	Likely Voters	0.49	0.49	0.02
2012-08-30	2012-09-01	Gallup	Phone	http://www.gallup.com/poll/113980/Gallup-Daily-Obama-Job-Approval.aspx	Adults	0.43	0.48	0
2012-08-29	2012-08-31	Rasmussen	Automated Phone	http://www.rasmussenreports.com/public_content/politics/obama_administration/obama_approval_index_history	Likely Voters	0.48	0.52	0
2012-08-27	2012-08-29	Gallup	Phone	http://www.gallup.com/poll/113980/Gallup-Daily-Obama-Job-Approval.aspx	Adults	0.44	0.47	0
2012-08-26	2012-08-28	Rasmussen	Automated Phone	http://www.rasmussenreports.com/public_content/politics/obama_administration/obama_approval_index_history	Likely Voters	0.5	0.5	0
2012-08-25	2012-08-27	YouGov/Economist	Internet	http://cdn.yougov.com/cumulus_uploads/document/k7rcu50rvy/econToplines.pdf	Adults	0.41	0.5	0.09
2012-08-25	2012-08-27	YouGov/Economist	Internet	http://cdn.yougov.com/cumulus_uploads/document/k7rcu50rvy/econToplines.pdf	Adults - Democrat	0.8	0.12	0.07
2012-08-25	2012-08-27	YouGov/Economist	Internet	http://cdn.yougov.com/cumulus_uploads/document/k7rcu50rvy/econToplines.pdf	Adults - Republican	0.07	0.91	0.02
2012-08-25	2012-08-27	YouGov/Economist	Internet	http://cdn.yougov.com/cumulus_uploads/document/k7rcu50rvy/econToplines.pdf	Adults - independent	0.33	0.63	0.04
2012-08-23	2012-08-27	Democracy Corps (D)	Phone	http://www.democracycorps.com/attachments/article/906/dcor.nat.polt.082812.pdf	Likely Voters	0.47	0.5	0.03
2012-08-24	2012-08-26	Gallup	Phone	http://www.gallup.com/poll/113980/Gallup-Daily-Obama-Job-Approval.aspx	Adults	0.45	0.47	0
2012-08-23	2012-08-26	DailyKos/SEIU/PPP (D)	Automated Phone	http://elections.dailykos.com/weeklypolling/2012/8/23	Registered Voters	0.48	0.48	0.04
2012-08-23	2012-08-26	DailyKos/SEIU/PPP (D)	Automated Phone	http://elections.dailykos.com/weeklypolling/2012/8/23	Registered Voters - Democrat	0.86	0.1	0.03
2012-08-23	2012-08-26	DailyKos/SEIU/PPP (D)	Automated Phone	http://elections.dailykos.com/weeklypolling/2012/8/23	Registered Voters - Republican	0.07	0.91	0.01
2012-08-23	2012-08-26	DailyKos/SEIU/PPP (D)	Automated Phone	http://elections.dailykos.com/weeklypolling/2012/8/23	Registered Voters - independent	0.4	0.51	0.09
2012-08-23	2012-08-25	Rasmussen	Automated Phone	http://www.rasmussenreports.com/public_content/politics/obama_administration/obama_approval_index_history	Likely Voters	0.49	0.5	0
2012-08-22	2012-08-25	ABC/Post	Phone	http://www.langerresearch.com/uploads/1139a1IntotheConventions.pdf	Adults	0.5	0.46	0.04
2012-08-22	2012-08-23	CNN	Phone	http://i2.cdn.turner.com/cnn/2012/images/08/24/rel8a.pdf	Adults	0.5	0.44	0.06
2012-08-22	2012-08-23	CNN	Phone	http://i2.cdn.turner.com/cnn/2012/images/08/24/rel8a.pdf	Registered Voters - Democrat	0.86	0.1	0.04
2012-08-22	2012-08-23	CNN	Phone	http://i2.cdn.turner.com/cnn/2012/images/08/24/rel8a.pdf	Registered Voters - Republican	0.13	0.85	0.02
2012-08-22	2012-08-23	CNN	Phone	http://i2.cdn.turner.com/cnn/2012/images/08/24/rel8a.pdf	Registered Voters - independent	0.43	0.47	0.1
2012-08-21	2012-08-23	Gallup	Phone	http://www.gallup.com/poll/113980/Gallup-Daily-Obama-Job-Approval.aspx	Adults	0.47	0.47	0
2012-08-19	2012-08-23	Tarrance (R)	Phone	http://thepublicnotice.org/wp-content/uploads/2012/08/Public-Notice-August-Monitor-Survey.-Release-copy.pdf	Likely Voters	0.46	0.5	0
2012-08-20	2012-08-22	Rasmussen	Automated Phone	http://www.rasmussenreports.com/public_content/politics/obama_administration/obama_approval_index_history	Likely Voters	0.48	0.51	0
2012-08-16	2012-08-22	Resurgent Republic (R)	Phone	http://s3.amazonaws.com/resurgentrepublic.com/resurgentrepublic/production/assets/576/original/rr-aug-12-toplines.pdf	Registered Voters	0.49	0.49	0.03
2012-08-16	2012-08-22	Resurgent Republic (R)	Phone	http://s3.amazonaws.com/resurgentrepublic.com/resurgentrepublic/production/assets/576/original/rr-aug-12-toplines.pdf	Registered Voters - Democrat	0.89	0.1	0.02
2012-08-16	2012-08-22	Resurgent Republic (R)	Phone	http://s3.amazonaws.com/resurgentrepublic.com/resurgentrepublic/production/assets/576/original/rr-aug-12-toplines.pdf	Registered Voters - Republican	0.08	0.9	0.03
2012-08-16	2012-08-22	Resurgent Republic (R)	Phone	http://s3.amazonaws.com/resurgentrepublic.com/resurgentrepublic/production/assets/576/original/rr-aug-12-toplines.pdf	Registered Voters - independent	0.51	0.46	0.03
2012-08-19	2012-08-21	FOX	Phone	http://www.foxnews.com/politics/interactive/2012/08/23/fox-news-poll-race-for-white-house-tightens/	Registered Voters	0.46	0.48	0.06
2012-08-19	2012-08-21	FOX	Phone	http://www.foxnews.com/politics/interactive/2012/08/23/fox-news-poll-race-for-white-house-tightens/	Registered Voters - Democrat	0.86	0.12	0.03
2012-08-19	2012-08-21	FOX	Phone	http://www.foxnews.com/politics/interactive/2012/08/23/fox-news-poll-race-for-white-house-tightens/	Registered Voters - Republican	0.07	0.92	0.01
2012-08-19	2012-08-21	FOX	Phone	http://www.foxnews.com/politics/interactive/2012/08/23/fox-news-poll-race-for-white-house-tightens/	Registered Voters - independent	0.36	0.54	0.1
2012-08-18	2012-08-20	YouGov/Economist	Internet	http://cdn.yougov.com/cumulus_uploads/document/1wbynyqshc/econToplines.pdf	Adults	0.42	0.51	0.07
2012-08-18	2012-08-20	YouGov/Economist	Internet	http://cdn.yougov.com/cumulus_uploads/document/1wbynyqshc/econToplines.pdf	Adults - Democrat	0.73	0.22	0.04
2012-08-18	2012-08-20	YouGov/Economist	Internet	http://cdn.yougov.com/cumulus_uploads/document/1wbynyqshc/econToplines.pdf	Adults - Republican	0.05	0.93	0.01
2012-08-18	2012-08-20	YouGov/Economist	Internet	http://cdn.yougov.com/cumulus_uploads/document/1wbynyqshc/econToplines.pdf	Adults - independent	0.37	0.56	0.07
2012-08-18	2012-08-20	Gallup	Phone	http://www.gallup.com/poll/113980/Gallup-Daily-Obama-Job-Approval.aspx	Adults	0.45	0.48	0
2012-08-17	2012-08-20	ARG	Phone	http://americanresearchgroup.com/economy/	Adults	0.47	0.48	0.05
2012-08-17	2012-08-20	ARG	Phone	http://americanresearchgroup.com/economy/	Adults - Democrat	0.8	0.17	0
2012-08-17	2012-08-20	ARG	Phone	http://americanresearchgroup.com/economy/	Adults - Republican	0.12	0.84	0
2012-08-17	2012-08-20	ARG	Phone	http://americanresearchgroup.com/economy/	Adults - independent	0.48	0.47	0
2012-08-16	2012-08-20	AP-GfK	Phone	http://ap-gfkpoll.com/main/wp-content/uploads/2012/08/AP-GfK-Poll-August-2012-Topline-FINAL_politics.pdf	Adults	0.49	0.49	0.01
2012-08-16	2012-08-20	NBC/WSJ	Phone	http://msnbcmedia.msn.com/i/MSNBC/Sections/A_Politics/_Today_Stories_Teases/August_NBC-WSJ_Int_Sched.pdf	Registered Voters	0.48	0.49	0.03
2012-08-17	2012-08-19	Rasmussen	Automated Phone	http://www.rasmussenreports.com/public_content/archive/2012_presidential_election_matchups2	Likely Voters	0.49	0.49	0
2012-08-17	2012-08-19	Rasmussen	Automated Phone	http://www.rasmussenreports.com/public_content/politics/obama_administration/obama_approval_index_history	Likely Voters	0.49	0.49	0
2012-08-16	2012-08-19	DailyKos/SEIU/PPP (D)	Automated Phone	http://www.dailykos.com/weeklypolling/2012/8/16	Registered Voters	0.45	0.5	0.05
2012-08-16	2012-08-19	DailyKos/SEIU/PPP (D)	Automated Phone	http://www.dailykos.com/weeklypolling/2012/8/16	Registered Voters - Democrat	0.83	0.13	0.04
2012-08-16	2012-08-19	DailyKos/SEIU/PPP (D)	Automated Phone	http://www.dailykos.com/weeklypolling/2012/8/16	Registered Voters - Republican	0.08	0.89	0.03
2012-08-16	2012-08-19	DailyKos/SEIU/PPP (D)	Automated Phone	http://www.dailykos.com/weeklypolling/2012/8/16	Registered Voters - independent	0.45	0.47	0.08
2012-08-13	2012-08-19	USC/LAT	Phone	http://www.gqrr.com/index.php?ID=2780	Registered Voters	0.47	0.47	0.060000000000000005
2012-08-15	2012-08-17	Gallup	Phone	http://www.gallup.com/poll/113980/Gallup-Daily-Obama-Job-Approval.aspx	Adults	0.45	0.49	0
2012-08-14	2012-08-16	Rasmussen	Automated Phone	http://www.rasmussenreports.com/public_content/politics/obama_administration/obama_approval_index_history	Likely Voters	0.48	0.51	0
2012-08-12	2012-08-14	Gallup	Phone	http://www.gallup.com/poll/113980/Gallup-Daily-Obama-Job-Approval.aspx	Adults	0.45	0.49	0
2012-08-11	2012-08-13	YouGov/Economist	Internet	http://cdn.yougov.com/cumulus_uploads/document/lfu8cg1oh5/econToplines.pdf	Adults	0.43	0.5	0.07
2012-08-11	2012-08-13	YouGov/Economist	Internet	http://cdn.yougov.com/cumulus_uploads/document/lfu8cg1oh5/econToplines.pdf	Adults - Democrat	0.79	0.16	0.05
2012-08-11	2012-08-13	YouGov/Economist	Internet	http://cdn.yougov.com/cumulus_uploads/document/lfu8cg1oh5/econToplines.pdf	Adults - Republican	0.05	0.94	0.02
2012-08-11	2012-08-13	YouGov/Economist	Internet	http://cdn.yougov.com/cumulus_uploads/document/lfu8cg1oh5/econToplines.pdf	Adults - independent	0.37	0.63	0.01
2012-08-11	2012-08-13	Rasmussen	Automated Phone	http://www.rasmussenreports.com/public_content/politics/obama_administration/obama_approval_index_history	Likely Voters	0.48	0.52	0
2012-08-09	2012-08-12	DailyKos/SEIU/PPP (D)	Automated Phone	http://www.dailykos.com/weeklypolling/2012/8/9	Registered Voters	0.43	0.52	0.05
2012-08-09	2012-08-12	DailyKos/SEIU/PPP (D)	Automated Phone	http://www.dailykos.com/weeklypolling/2012/8/9	Registered Voters - Democrat	0.78	0.17	0.05
2012-08-09	2012-08-12	DailyKos/SEIU/PPP (D)	Automated Phone	http://www.dailykos.com/weeklypolling/2012/8/9	Registered Voters - Republican	0.11	0.86	0.03
2012-08-09	2012-08-12	DailyKos/SEIU/PPP (D)	Automated Phone	http://www.dailykos.com/weeklypolling/2012/8/9	Registered Voters - independent	0.38	0.53	0.09
2012-08-09	2012-08-11	Gallup	Phone	http://www.gallup.com/poll/113980/Gallup-Daily-Obama-Job-Approval.aspx	Adults	0.43	0.5	0
2012-08-08	2012-08-10	Rasmussen	Automated Phone	http://www.rasmussenreports.com/public_content/politics/obama_administration/obama_approval_index_history	Likely Voters	0.43	0.54	0
2012-08-07	2012-08-08	CNN	Phone	http://politicalticker.blogs.cnn.com/2012/08/09/cnn-poll-obama-holds-7-point-lead-over-romney/	Adults	0.5	0.47	0.03
2012-08-07	2012-08-08	CNN	Phone	http://politicalticker.blogs.cnn.com/2012/08/09/cnn-poll-obama-holds-7-point-lead-over-romney/	Registered Voters - Democrat	0.86	0.13	0.01
2012-08-07	2012-08-08	CNN	Phone	http://politicalticker.blogs.cnn.com/2012/08/09/cnn-poll-obama-holds-7-point-lead-over-romney/	Registered Voters - Republican	0.1	0.89	0.01
2012-08-07	2012-08-08	CNN	Phone	http://politicalticker.blogs.cnn.com/2012/08/09/cnn-poll-obama-holds-7-point-lead-over-romney/	Registered Voters - independent	0.48	0.46	0.06
2012-08-06	2012-08-08	Gallup	Phone	http://www.gallup.com/poll/113980/Gallup-Daily-Obama-Job-Approval.aspx	Adults	0.46	0.48	0
2012-08-05	2012-08-07	FOX	Phone	http://www.foxnews.com/politics/interactive/2012/08/09/fox-news-poll-presidential-race/	Registered Voters	0.49	0.46	0.06
2012-08-05	2012-08-07	FOX	Phone	http://www.foxnews.com/politics/interactive/2012/08/09/fox-news-poll-presidential-race/	Registered Voters - Democrat	0.83	0.13	0.04
2012-08-05	2012-08-07	FOX	Phone	http://www.foxnews.com/politics/interactive/2012/08/09/fox-news-poll-presidential-race/	Registered Voters - Republican	0.08	0.86	0.06
2012-08-05	2012-08-07	FOX	Phone	http://www.foxnews.com/politics/interactive/2012/08/09/fox-news-poll-presidential-race/	Registered Voters - independent	0.45	0.47	0.08
2012-08-05	2012-08-07	Rasmussen	Automated Phone	http://www.rasmussenreports.com/public_content/politics/obama_administration/obama_approval_index_history	Likely Voters	0.49	0.5	0
2012-08-04	2012-08-06	YouGov/Economist	Internet	http://cdn.yougov.com/cumulus_uploads/document/fazmvhzmj2/econToplines.pdf	Adults	0.44	0.5	0.06
2012-08-04	2012-08-06	YouGov/Economist	Internet	http://cdn.yougov.com/cumulus_uploads/document/fazmvhzmj2/econToplines.pdf	Adults - Democrat	0.76	0.17	0.07
2012-08-04	2012-08-06	YouGov/Economist	Internet	http://cdn.yougov.com/cumulus_uploads/document/fazmvhzmj2/econToplines.pdf	Adults - Republican	0.06	0.92	0.02
2012-08-04	2012-08-06	YouGov/Economist	Internet	http://cdn.yougov.com/cumulus_uploads/document/fazmvhzmj2/econToplines.pdf	Adults - independent	0.39	0.55	0.05
2012-08-02	2012-08-06	Ipsos/Reuters	Phone	http://ipsos-na.com/download/pr.aspx?id=11840	Adults	0.49	0.48	0.03
2012-08-03	2012-08-05	Gallup	Phone	http://www.gallup.com/poll/113980/Gallup-Daily-Obama-Job-Approval.aspx	Adults	0.46	0.47	0
2012-08-02	2012-08-05	DailyKos/SEIU/PPP (D)	Automated Phone	http://www.dailykos.com/weeklypolling/2012/8/2	Registered Voters	0.44	0.5	0.05
2012-08-02	2012-08-05	DailyKos/SEIU/PPP (D)	Automated Phone	http://www.dailykos.com/weeklypolling/2012/8/2	Registered Voters - Democrat	0.85	0.11	0.04
2012-08-02	2012-08-05	DailyKos/SEIU/PPP (D)	Automated Phone	http://www.dailykos.com/weeklypolling/2012/8/2	Registered Voters - Republican	0.11	0.87	0.02
2012-08-02	2012-08-05	DailyKos/SEIU/PPP (D)	Automated Phone	http://www.dailykos.com/weeklypolling/2012/8/2	Registered Voters - independent	0.34	0.56	0.1
2012-08-02	2012-08-04	Rasmussen	Automated Phone	http://www.rasmussenreports.com/public_content/politics/obama_administration/obama_approval_index_history	Likely Voters	0.46	0.52	0
2012-07-31	2012-08-02	Gallup	Phone	http://www.gallup.com/poll/113980/Gallup-Daily-Obama-Job-Approval.aspx	Adults	0.45	0.48	0
2012-07-30	2012-08-01	Rasmussen	Automated Phone	http://www.rasmussenreports.com/public_content/archive/2012_presidential_election_matchups2	Likely Voters	0.45	0.53	0
2012-07-28	2012-07-30	YouGov/Economist	Internet	http://cdn.yougov.com/cumulus_uploads/document/gz7vfdakvv/econToplines.pdf	Adults	0.42	0.51	0.07
2012-07-28	2012-07-30	YouGov/Economist	Internet	http://cdn.yougov.com/cumulus_uploads/document/gz7vfdakvv/econToplines.pdf	Adults - Democrat	0.81	0.18	0.02
2012-07-28	2012-07-30	YouGov/Economist	Internet	http://cdn.yougov.com/cumulus_uploads/document/gz7vfdakvv/econToplines.pdf	Adults - Republican	0.05	0.9	0.06
2012-07-28	2012-07-30	YouGov/Economist	Internet	http://cdn.yougov.com/cumulus_uploads/document/gz7vfdakvv/econToplines.pdf	Adults - independent	0.32	0.62	0.05
2012-07-28	2012-07-30	Gallup	Phone	http://www.gallup.com/poll/113980/Gallup-Daily-Obama-Job-Approval.aspx	Adults	0.46	0.46	0
2012-07-27	2012-07-29	Rasmussen	Automated Phone	http://www.rasmussenreports.com/public_content/politics/obama_administration/obama_approval_index_history	Likely Voters	0.47	0.52	0
2012-07-26	2012-07-29	DailyKos/SEIU/PPP (D)	Automated Phone	http://dailykos.com/weeklypolling/2012/7/26	Registered Voters	0.47	0.49	0.04
2012-07-26	2012-07-29	DailyKos/SEIU/PPP (D)	Automated Phone	http://dailykos.com/weeklypolling/2012/7/26	Registered Voters - Democrat	0.86	0.11	0.04
2012-07-26	2012-07-29	DailyKos/SEIU/PPP (D)	Automated Phone	http://dailykos.com/weeklypolling/2012/7/26	Registered Voters - Republican	0.08	0.91	0.01
2012-07-26	2012-07-29	DailyKos/SEIU/PPP (D)	Automated Phone	http://dailykos.com/weeklypolling/2012/7/26	Registered Voters - independent	0.42	0.51	0.08
2012-07-24	2012-07-27	Gallup	Phone	http://www.gallup.com/poll/113980/Gallup-Daily-Obama-Job-Approval.aspx	Adults	0.47	0.48	0
2012-07-24	2012-07-26	Rasmussen	Automated Phone	http://www.rasmussenreports.com/public_content/politics/obama_administration/obama_approval_index_history	Likely Voters	0.47	0.53	0
2012-07-21	2012-07-25	Democracy Corps (D)	Phone	http://www.democracycorps.com/attachments/article/900/July_Dcorps_political_%20FQ.pdf	Likely Voters	0.5	0.46	0.04
2012-07-21	2012-07-23	YouGov/Economist	Internet	http://cdn.yougov.com/cumulus_uploads/document/t94ooj9582/20120721%20econToplines.pdf	Adults	0.41	0.53	0.06
2012-07-21	2012-07-23	YouGov/Economist	Internet	http://cdn.yougov.com/cumulus_uploads/document/t94ooj9582/20120721%20econToplines.pdf	Adults - Democrat	0.77	0.18	0.05
2012-07-21	2012-07-23	YouGov/Economist	Internet	http://cdn.yougov.com/cumulus_uploads/document/t94ooj9582/20120721%20econToplines.pdf	Adults - Republican	0.06	0.94	0
2012-07-21	2012-07-23	YouGov/Economist	Internet	http://cdn.yougov.com/cumulus_uploads/document/t94ooj9582/20120721%20econToplines.pdf	Adults - independent	0.35	0.6	0.05
2012-07-21	2012-07-23	Gallup	Phone	http://www.gallup.com/poll/113980/Gallup-Daily-Obama-Job-Approval.aspx	Adults	0.44	0.49	0
2012-07-21	2012-07-23	Rasmussen	Automated Phone	http://www.rasmussenreports.com/public_content/politics/obama_administration/obama_approval_index_history	Likely Voters	0.48	0.5	0
2012-07-19	2012-07-22	DailyKos/SEIU/PPP (D)	Automated Phone	http://dailykos.com/weeklypolling/2012/7/19	Registered Voters	0.42	0.53	0.05
2012-07-19	2012-07-22	DailyKos/SEIU/PPP (D)	Automated Phone	http://dailykos.com/weeklypolling/2012/7/19	Registered Voters - Democrat	0.77	0.18	0.05
2012-07-19	2012-07-22	DailyKos/SEIU/PPP (D)	Automated Phone	http://dailykos.com/weeklypolling/2012/7/19	Registered Voters - Republican	0.06	0.93	0.01
2012-07-19	2012-07-22	DailyKos/SEIU/PPP (D)	Automated Phone	http://dailykos.com/weeklypolling/2012/7/19	Registered Voters - independent	0.36	0.56	0.08
2012-07-18	2012-07-22	NBC/WSJ	Phone	http://msnbcmedia.msn.com/i/MSNBC/Sections/A_Politics/_Today_Stories_Teases/12768_July_Poll.pdf	Registered Voters	0.49	0.48	0.03
2012-07-18	2012-07-20	Gallup	Phone	http://www.gallup.com/poll/113980/Gallup-Daily-Obama-Job-Approval.aspx	Adults	0.46	0.47	0
2012-07-18	2012-07-20	Rasmussen	Automated Phone	http://www.rasmussenreports.com/public_content/politics/obama_administration/obama_approval_index_history	Likely Voters	0.48	0.51	0
2012-07-17	2012-07-20	ARG	Phone	http://americanresearchgroup.com/economy/	Adults	0.46	0.51	0.03
2012-07-17	2012-07-20	ARG	Phone	http://americanresearchgroup.com/economy/	Adults - Democrat	0.82	0.16	0
2012-07-17	2012-07-20	ARG	Phone	http://americanresearchgroup.com/economy/	Adults - Republican	0.15	0.82	0
2012-07-17	2012-07-20	ARG	Phone	http://americanresearchgroup.com/economy/	Adults - independent	0.39	0.59	0
2012-07-15	2012-07-17	FOX	Phone	http://www.foxnews.com/politics/interactive/2012/07/18/fox-news-poll-37-voters-say-are-better-off-than-four-years-ago/	Registered Voters	0.47	0.49	0.04
2012-07-15	2012-07-17	FOX	Phone	http://www.foxnews.com/politics/interactive/2012/07/18/fox-news-poll-37-voters-say-are-better-off-than-four-years-ago/	Registered Voters - Democrat	0.82	0.13	0.05
2012-07-15	2012-07-17	FOX	Phone	http://www.foxnews.com/politics/interactive/2012/07/18/fox-news-poll-37-voters-say-are-better-off-than-four-years-ago/	Registered Voters - Republican	0.1	0.89	0.02
2012-07-15	2012-07-17	FOX	Phone	http://www.foxnews.com/politics/interactive/2012/07/18/fox-news-poll-37-voters-say-are-better-off-than-four-years-ago/	Registered Voters - independent	0.45	0.47	0.08
2012-07-15	2012-07-17	Gallup	Phone	http://www.gallup.com/poll/113980/Gallup-Daily-Obama-Job-Approval.aspx	Adults	0.46	0.47	0
2012-07-15	2012-07-17	Rasmussen	Automated Phone	http://www.rasmussenreports.com/public_content/politics/obama_administration/obama_approval_index_history	Likely Voters	0.46	0.51	0
2012-07-14	2012-07-16	YouGov/Economist	Internet	http://cdn.yougov.com/cumulus_uploads/document/wxt8kj3j6n/econToplines.pdf	Adults	0.45	0.5	0.05
2012-07-14	2012-07-16	YouGov/Economist	Internet	http://cdn.yougov.com/cumulus_uploads/document/wxt8kj3j6n/econToplines.pdf	Adults - Democrat	0.82	0.16	0.03
2012-07-14	2012-07-16	YouGov/Economist	Internet	http://cdn.yougov.com/cumulus_uploads/document/wxt8kj3j6n/econToplines.pdf	Adults - Republican	0.09	0.9	0.01
2012-07-14	2012-07-16	YouGov/Economist	Internet	http://cdn.yougov.com/cumulus_uploads/document/wxt8kj3j6n/econToplines.pdf	Adults - independent	0.42	0.53	0.06
2012-07-11	2012-07-16	CBS/Times	Phone	http://www.cbsnews.com/8301-250_162-57475191/cbs-news-new-york-times-poll-7-18-12/	Adults	0.44	0.46	0.1
2012-07-11	2012-07-16	CBS/Times	Phone	http://www.cbsnews.com/8301-250_162-57475191/cbs-news-new-york-times-poll-7-18-12/	Adults - Democrat	0.78	0.15	0.07
2012-07-11	2012-07-16	CBS/Times	Phone	http://www.cbsnews.com/8301-250_162-57475191/cbs-news-new-york-times-poll-7-18-12/	Adults - Republican	0.16	0.81	0.03
2012-07-11	2012-07-16	CBS/Times	Phone	http://www.cbsnews.com/8301-250_162-57475191/cbs-news-new-york-times-poll-7-18-12/	Adults - independent	0.35	0.49	0.16
2012-07-12	2012-07-15	DailyKos/SEIU/PPP (D)	Automated Phone	http://dailykos.com/weeklypolling/2012/6/28	Registered Voters	0.44	0.49	0.08
2012-07-12	2012-07-15	DailyKos/SEIU/PPP (D)	Automated Phone	http://dailykos.com/weeklypolling/2012/6/28	Registered Voters - Democrat	0.84	0.12	0.05
2012-07-12	2012-07-15	DailyKos/SEIU/PPP (D)	Automated Phone	http://dailykos.com/weeklypolling/2012/6/28	Registered Voters - Republican	0.04	0.88	0.08
2012-07-12	2012-07-15	DailyKos/SEIU/PPP (D)	Automated Phone	http://dailykos.com/weeklypolling/2012/6/28	Registered Voters - independent	0.41	0.47	0.11
2012-07-12	2012-07-14	Gallup	Phone	http://www.gallup.com/poll/113980/Gallup-Daily-Obama-Job-Approval.aspx	Adults	0.47	0.46	0
2012-07-12	2012-07-14	Rasmussen	Automated Phone	http://www.rasmussenreports.com/public_content/politics/obama_administration/obama_approval_index_history	Likely Voters	0.48	0.51	0
2012-07-09	2012-07-12	NPR	Phone	http://www.npr.org/news/polls/npr.pdf	Likely Voters	0.49	0.46	0
2012-07-09	2012-07-11	Marist/McClatchy	Phone	http://www.mcclatchydc.com/2012/07/13/156143/mcclatchy-marist-poll-july-2012.html	Registered Voters	0.47	0.47	0.06
2012-07-09	2012-07-11	Marist/McClatchy	Phone	http://www.mcclatchydc.com/2012/07/13/156143/mcclatchy-marist-poll-july-2012.html	Registered Voters - Democrat	0.83	0.13	0.04
2012-07-09	2012-07-11	Marist/McClatchy	Phone	http://www.mcclatchydc.com/2012/07/13/156143/mcclatchy-marist-poll-july-2012.html	Registered Voters - Republican	0.07	0.89	0.03
2012-07-09	2012-07-11	Marist/McClatchy	Phone	http://www.mcclatchydc.com/2012/07/13/156143/mcclatchy-marist-poll-july-2012.html	Registered Voters - independent	0.44	0.47	0.08
2012-07-09	2012-07-11	Gallup	Phone	http://www.gallup.com/poll/113980/Gallup-Daily-Obama-Job-Approval.aspx	Adults	0.45	0.47	0
2012-07-09	2012-07-11	Rasmussen	Automated Phone	http://www.rasmussenreports.com/public_content/politics/obama_administration/obama_approval_index_history	Likely Voters	0.46	0.52	0
2012-07-07	2012-07-09	YouGov/Economist	Internet	http://cdn.yougov.com/cumulus_uploads/document/qmv1u9m8r1/econToplines.pdf	Adults	0.43	0.51	0.06
2012-07-07	2012-07-09	YouGov/Economist	Internet	http://cdn.yougov.com/cumulus_uploads/document/qmv1u9m8r1/econToplines.pdf	Adults - Democrat	0.76	0.2	0.04
2012-07-07	2012-07-09	YouGov/Economist	Internet	http://cdn.yougov.com/cumulus_uploads/document/qmv1u9m8r1/econToplines.pdf	Adults - Republican	0.09	0.88	0.02
2012-07-07	2012-07-09	YouGov/Economist	Internet	http://cdn.yougov.com/cumulus_uploads/document/qmv1u9m8r1/econToplines.pdf	Adults - independent	0.42	0.52	0.06
2012-07-05	2012-07-09	Ipsos/Reuters	Phone	http://www.ipsos-na.com/download/pr.aspx?id=11798	Adults	0.48	0.47	0.05
2012-07-05	2012-07-09	Ipsos/Reuters	Phone	http://www.ipsos-na.com/download/pr.aspx?id=11798	Adults - Democrat	0.8	0.16	0
2012-07-05	2012-07-09	Ipsos/Reuters	Phone	http://www.ipsos-na.com/download/pr.aspx?id=11798	Adults - Republican	0.1	0.88	0
2012-07-05	2012-07-09	Ipsos/Reuters	Phone	http://www.ipsos-na.com/download/pr.aspx?id=11798	Adults - independent	0.41	0.41	0
2012-06-28	2012-07-09	Pew	Phone	http://www.people-press.org/files/legacy-pdf/7-12-12%20Political%20Release.pdf	Adults	0.5	0.43	0.07
2012-07-06	2012-07-08	Gallup	Phone	http://www.gallup.com/poll/113980/Gallup-Daily-Obama-Job-Approval.aspx	Adults	0.45	0.46	0
2012-07-06	2012-07-08	Rasmussen	Automated Phone	http://www.rasmussenreports.com/public_content/politics/obama_administration/obama_approval_index_history	Likely Voters	0.47	0.52	0
2012-07-05	2012-07-08	ABC/Post	Phone	http://www.washingtonpost.com/page/2010-2019/WashingtonPost/2012/07/10/National-Politics/Polling/release_102.xml	Adults	0.47	0.49	0.04
2012-07-01	2012-07-08	Quinnipiac	Phone	http://www.quinnipiac.edu/institutes-and-centers/polling-institute/national/release-detail?ReleaseID=1770	Registered Voters	0.45	0.49	0.06
2012-07-01	2012-07-08	Quinnipiac	Phone	http://www.quinnipiac.edu/institutes-and-centers/polling-institute/national/release-detail?ReleaseID=1770	Registered Voters - Democrat	0.85	0.11	0.03
2012-07-01	2012-07-08	Quinnipiac	Phone	http://www.quinnipiac.edu/institutes-and-centers/polling-institute/national/release-detail?ReleaseID=1770	Registered Voters - Republican	0.09	0.88	0.03
2012-07-01	2012-07-08	Quinnipiac	Phone	http://www.quinnipiac.edu/institutes-and-centers/polling-institute/national/release-detail?ReleaseID=1770	Registered Voters - independent	0.4	0.52	0.08
2012-07-01	2012-07-05	Rasmussen	Automated Phone	http://www.rasmussenreports.com/public_content/politics/obama_administration/obama_approval_index_history	Likely Voters	0.49	0.5	0
2012-06-30	2012-07-02	YouGov/Economist	Internet	http://cdn.yougov.com/cumulus_uploads/document/kei4w7h2au/econToplines.pdf	Adults	0.42	0.52	0.05
2012-06-30	2012-07-02	YouGov/Economist	Internet	http://cdn.yougov.com/cumulus_uploads/document/kei4w7h2au/econToplines.pdf	Adults - Democrat	0.79	0.18	0.03
2012-06-30	2012-07-02	YouGov/Economist	Internet	http://cdn.yougov.com/cumulus_uploads/document/kei4w7h2au/econToplines.pdf	Adults - Republican	0.08	0.91	0.02
2012-06-30	2012-07-02	YouGov/Economist	Internet	http://cdn.yougov.com/cumulus_uploads/document/kei4w7h2au/econToplines.pdf	Adults - independent	0.41	0.55	0.04
2012-06-29	2012-07-01	Gallup	Phone	http://www.gallup.com/poll/113980/Gallup-Daily-Obama-Job-Approval.aspx	Adults	0.46	0.47	0
2012-06-28	2012-07-01	DailyKos/SEIU/PPP (D)	Automated Phone	http://dailykos.com/weeklypolling/2012/6/28	Registered Voters	0.45	0.5	0.05
2012-06-28	2012-07-01	DailyKos/SEIU/PPP (D)	Automated Phone	http://dailykos.com/weeklypolling/2012/6/28	Registered Voters - Democrat	0.82	0.15	0.04
2012-06-28	2012-07-01	DailyKos/SEIU/PPP (D)	Automated Phone	http://dailykos.com/weeklypolling/2012/6/28	Registered Voters - Republican	0.11	0.87	0.02
2012-06-28	2012-07-01	DailyKos/SEIU/PPP (D)	Automated Phone	http://dailykos.com/weeklypolling/2012/6/28	Registered Voters - independent	0.4	0.51	0.09
2012-06-28	2012-07-01	CNN	Phone	http://i2.cdn.turner.com/cnn/2012/images/07/02/rel6b.pdf	Registered Voters	0.51	0.47	0.02
2012-06-28	2012-07-01	CNN	Phone	http://i2.cdn.turner.com/cnn/2012/images/07/02/rel6b.pdf	Registered Voters - Democrat	0.9	0.07	0.03
2012-06-28	2012-07-01	CNN	Phone	http://i2.cdn.turner.com/cnn/2012/images/07/02/rel6b.pdf	Registered Voters - Republican	0.14	0.85	0.01
2012-06-28	2012-07-01	CNN	Phone	http://i2.cdn.turner.com/cnn/2012/images/07/02/rel6b.pdf	Registered Voters - independent	0.44	0.53	0.03
2012-06-28	2012-06-30	Rasmussen	Automated Phone	http://www.rasmussenreports.com/public_content/politics/obama_administration/obama_approval_index_history	Likely Voters	0.48	0.51	0
2012-06-28	2012-06-28	Newsweek/Daily Beast	Phone	http://www.thedailybeast.com/articles/2012/06/29/new-poll-voters-dislike-supreme-court-s-obamacare-ruling.html	Likely Voters	0.45	0.54	0.02
2012-06-26	2012-06-28	Gallup	Phone	http://www.gallup.com/poll/113980/Gallup-Daily-Obama-Job-Approval.aspx	Adults	0.47	0.46	0
2012-06-25	2012-06-27	Rasmussen	Automated Phone	http://www.rasmussenreports.com/public_content/politics/obama_administration/obama_approval_index_history	Likely Voters	0.47	0.51	0
2012-06-23	2012-06-27	Democracy Corps (D)	Phone	http://www.democracycorps.com/strategy/2012/06/president-obama-makes-gains-in-winnable-race/	Likely Voters	0.47	0.48	0.05
2012-06-24	2012-06-26	FOX	Phone	http://www.foxnews.com/politics/interactive/2012/06/27/poll-voters-say-neither-candidate-has-plan-for-economy/	Registered Voters	0.48	0.43	0.09
2012-06-23	2012-06-25	YouGov/Economist	Internet	http://cdn.yougov.com/cumulus_uploads/document/cfvy9lxvl9/econToplines.pdf	Adults	0.4	0.53	0.06
2012-06-23	2012-06-25	YouGov/Economist	Internet	http://cdn.yougov.com/cumulus_uploads/document/cfvy9lxvl9/econToplines.pdf	Adults - Democrat	0.77	0.17	0.06
2012-06-23	2012-06-25	YouGov/Economist	Internet	http://cdn.yougov.com/cumulus_uploads/document/cfvy9lxvl9/econToplines.pdf	Adults - Republican	0.06	0.93	0.02
2012-06-23	2012-06-25	YouGov/Economist	Internet	http://cdn.yougov.com/cumulus_uploads/document/cfvy9lxvl9/econToplines.pdf	Adults - independent	0.4	0.57	0.04
2012-06-23	2012-06-25	Gallup	Phone	http://www.gallup.com/poll/113980/Gallup-Daily-Obama-Job-Approval.aspx	Adults	0.48	0.46	0
2012-06-22	2012-06-24	Rasmussen	Automated Phone	http://www.rasmussenreports.com/public_content/politics/obama_administration/obama_approval_index_history	Likely Voters	0.46	0.52	0
2012-06-21	2012-06-24	DailyKos/SEIU/PPP (D)	Automated Phone	http://dailykos.com/weeklypolling/2012/6/21	Registered Voters	0.44	0.51	0.05
2012-06-21	2012-06-24	DailyKos/SEIU/PPP (D)	Automated Phone	http://dailykos.com/weeklypolling/2012/6/21	Registered Voters - Democrat	0.81	0.15	0.04
2012-06-21	2012-06-24	DailyKos/SEIU/PPP (D)	Automated Phone	http://dailykos.com/weeklypolling/2012/6/21	Registered Voters - Republican	0.08	0.88	0.04
2012-06-21	2012-06-24	DailyKos/SEIU/PPP (D)	Automated Phone	http://dailykos.com/weeklypolling/2012/6/21	Registered Voters - independent	0.39	0.54	0.07
2012-06-20	2012-06-24	NBC/WSJ	Phone	http://msnbcmedia.msn.com/i/MSNBC/Sections/A_Politics/_Today_Stories_Teases/120626-JUNE-NBC-WSJ.pdf	Adults	0.47	0.48	0.05
2012-06-20	2012-06-22	Gallup	Phone	http://www.gallup.com/poll/113980/Gallup-Daily-Obama-Job-Approval.aspx	Adults	0.46	0.46	0
2012-06-19	2012-06-21	Rasmussen	Automated Phone	http://www.rasmussenreports.com/public_content/politics/obama_administration/obama_approval_index_history	Likely Voters	0.44	0.54	0
2012-06-17	2012-06-20	ARG	Phone	http://americanresearchgroup.com/economy/	Adults	0.45	0.49	0.06
2012-06-17	2012-06-20	ARG	Phone	http://americanresearchgroup.com/economy/	Adults - Democrat	0.9	0.05	0
2012-06-17	2012-06-20	ARG	Phone	http://americanresearchgroup.com/economy/	Adults - Republican	0.11	0.86	0
2012-06-17	2012-06-20	ARG	Phone	http://americanresearchgroup.com/economy/	Adults - independent	0.29	0.63	0
2012-06-17	2012-06-19	Gallup	Phone	http://www.gallup.com/poll/113980/Gallup-Daily-Obama-Job-Approval.aspx	Adults	0.46	0.48	0
2012-06-16	2012-06-18	YouGov/Economist	Internet	http://cdn.yougov.com/cumulus_uploads/document/cfvy9lxvl9/econToplines.pdf	Adults	0.42	0.52	0.07
2012-06-16	2012-06-18	YouGov/Economist	Internet	http://cdn.yougov.com/cumulus_uploads/document/cfvy9lxvl9/econToplines.pdf	Adults - Democrat	0.75	0.17	0.08
2012-06-16	2012-06-18	YouGov/Economist	Internet	http://cdn.yougov.com/cumulus_uploads/document/cfvy9lxvl9/econToplines.pdf	Adults - Republican	0.13	0.87	0.01
2012-06-16	2012-06-18	YouGov/Economist	Internet	http://cdn.yougov.com/cumulus_uploads/document/cfvy9lxvl9/econToplines.pdf	Adults - independent	0.37	0.57	0.05
2012-06-16	2012-06-18	Rasmussen	Automated Phone	http://www.rasmussenreports.com/public_content/politics/obama_administration/obama_approval_index_history	Likely Voters	0.45	0.53	0
2012-06-15	2012-06-18	Bloomberg	Phone	http://media.bloomberg.com/bb/avfile/rQyA68BW5P20	Likely Voters	0.53	0.44	0.03
2012-06-14	2012-06-18	AP-GfK	Phone	http://ap-gfkpoll.com/main/wp-content/uploads/2012/06/AP-GfK-Poll-June-2012-Topline-FINAL_HC-new-again.pdf	Registered Voters	0.49	0.48	0.03
2012-06-14	2012-06-17	DailyKos/SEIU/PPP (D)	Automated Phone	http://dailykos.com/weeklypolling/2012/6/14	Registered Voters	0.44	0.5	0.06
2012-06-14	2012-06-17	DailyKos/SEIU/PPP (D)	Automated Phone	http://dailykos.com/weeklypolling/2012/6/14	Registered Voters - Democrat	0.81	0.14	0.05
2012-06-14	2012-06-17	DailyKos/SEIU/PPP (D)	Automated Phone	http://dailykos.com/weeklypolling/2012/6/14	Registered Voters - Republican	0.06	0.88	0.06
2012-06-14	2012-06-17	DailyKos/SEIU/PPP (D)	Automated Phone	http://dailykos.com/weeklypolling/2012/6/14	Registered Voters - independent	0.41	0.5	0.09
2012-06-07	2012-06-17	Pew	Phone	http://www.people-press.org/files/legacy-pdf/06-21-12%20Voter%20Attitudes.pdf	Adults	0.47	0.45	0.08
2012-06-14	2012-06-16	Gallup	Phone	http://www.gallup.com/poll/113980/Gallup-Daily-Obama-Job-Approval.aspx	Adults	0.45	0.49	0
2012-06-13	2012-06-15	Rasmussen	Automated Phone	http://www.rasmussenreports.com/public_content/politics/obama_administration/obama_approval_index_history	Likely Voters	0.48	0.51	0
2012-06-11	2012-06-13	Gallup	Phone	http://www.gallup.com/poll/113980/Gallup-Daily-Obama-Job-Approval.aspx	Adults	0.46	0.48	0
2012-06-10	2012-06-12	Rasmussen	Automated Phone	http://www.rasmussenreports.com/public_content/politics/obama_administration/obama_approval_index_history	Likely Voters	0.47	0.52	0
2012-06-09	2012-06-11	YouGov/Economist	Internet	http://cdn.yougov.com/cumulus_uploads/document/u3436zp4v5/econToplines.pdf	Adults	0.41	0.5	0.09
2012-06-09	2012-06-11	YouGov/Economist	Internet	http://cdn.yougov.com/cumulus_uploads/document/u3436zp4v5/econToplines.pdf	Adults - Democrat	0.73	0.21	0.07
2012-06-09	2012-06-11	YouGov/Economist	Internet	http://cdn.yougov.com/cumulus_uploads/document/u3436zp4v5/econToplines.pdf	Adults - Republican	0.07	0.92	0.01
2012-06-09	2012-06-11	YouGov/Economist	Internet	http://cdn.yougov.com/cumulus_uploads/document/u3436zp4v5/econToplines.pdf	Adults - independent	0.44	0.5	0.06
2012-06-07	2012-06-11	Ipsos/Reuters	Phone	http://big.assets.huffingtonpost.com/June12ReutersIpsos.pdf	Adults	0.47	0.5	0.02
2012-06-07	2012-06-11	Ipsos/Reuters	Phone	http://big.assets.huffingtonpost.com/June12ReutersIpsos.pdf	Adults - Democrat	0.8	0.19	0
2012-06-07	2012-06-11	Ipsos/Reuters	Phone	http://big.assets.huffingtonpost.com/June12ReutersIpsos.pdf	Adults - Republican	0.12	0.87	0
2012-06-07	2012-06-11	Ipsos/Reuters	Phone	http://big.assets.huffingtonpost.com/June12ReutersIpsos.pdf	Adults - independent	0.35	0.55	0
2012-06-08	2012-06-10	Gallup	Phone	http://www.gallup.com/poll/113980/Gallup-Daily-Obama-Job-Approval.aspx	Adults	0.5	0.44	0
2012-06-07	2012-06-10	DailyKos/SEIU/PPP (D)	Automated Phone	http://dailykos.com/weeklypolling/2012/6/7	Registered Voters	0.47	0.47	0.06
2012-06-07	2012-06-10	DailyKos/SEIU/PPP (D)	Automated Phone	http://dailykos.com/weeklypolling/2012/6/7	Registered Voters - Democrat	0.79	0.14	0.07
2012-06-07	2012-06-10	DailyKos/SEIU/PPP (D)	Automated Phone	http://dailykos.com/weeklypolling/2012/6/7	Registered Voters - Republican	0.1	0.86	0.04
2012-06-07	2012-06-10	DailyKos/SEIU/PPP (D)	Automated Phone	http://dailykos.com/weeklypolling/2012/6/7	Registered Voters - independent	0.44	0.48	0.08
2012-06-07	2012-06-09	Rasmussen	Automated Phone	http://www.rasmussenreports.com/public_content/politics/obama_administration/obama_approval_index_history	Likely Voters	0.48	0.51	0
2012-06-05	2012-06-07	Gallup	Phone	http://www.gallup.com/poll/113980/Gallup-Daily-Obama-Job-Approval.aspx	Adults	0.46	0.47	0
2012-06-03	2012-06-07	Tarrance (R)	Phone	http://www.bankruptingamerica.org/poll/memorandum-june-monitor-survey/	Likely Voters	0.49	0.46	0
2012-06-04	2012-06-06	Rasmussen	Automated Phone	http://www.rasmussenreports.com/public_content/politics/obama_administration/obama_approval_index_history	Likely Voters	0.48	0.51	0
2012-06-03	2012-06-05	FOX	Phone	http://www.foxnews.com/politics/interactive/2012/05/16/fox-news-poll-presidential-race/	Registered Voters	0.49	0.45	0.06
2012-06-02	2012-06-04	YouGov/Economist	Internet	http://cdn.yougov.com/cumulus_uploads/document/h5w42vv4f3/econToplines.pdf	Adults	0.42	0.5	0.08
2012-06-02	2012-06-04	YouGov/Economist	Internet	http://cdn.yougov.com/cumulus_uploads/document/h5w42vv4f3/econToplines.pdf	Adults - Democrat	0.8	0.18	0.02
2012-06-02	2012-06-04	YouGov/Economist	Internet	http://cdn.yougov.com/cumulus_uploads/document/h5w42vv4f3/econToplines.pdf	Adults - Republican	0.07	0.89	0.03
2012-06-02	2012-06-04	YouGov/Economist	Internet	http://cdn.yougov.com/cumulus_uploads/document/h5w42vv4f3/econToplines.pdf	Adults - independent	0.4	0.56	0.04
2012-06-02	2012-06-04	Gallup	Phone	http://www.gallup.com/poll/113980/Gallup-Daily-Obama-Job-Approval.aspx	Adults	0.46	0.46	0
2012-06-01	2012-06-03	Rasmussen	Automated Phone	http://www.rasmussenreports.com/public_content/politics/obama_administration/obama_approval_index_history	Likely Voters	0.47	0.52	0
2012-05-31	2012-06-03	DailyKos/SEIU/PPP (D)	Automated Phone	http://dailykos.com/weeklypolling/2012/5/31	Registered Voters	0.46	0.48	0.05
2012-05-31	2012-06-03	DailyKos/SEIU/PPP (D)	Automated Phone	http://dailykos.com/weeklypolling/2012/5/31	Registered Voters - Democrat	0.79	0.17	0.04
2012-05-31	2012-06-03	DailyKos/SEIU/PPP (D)	Automated Phone	http://dailykos.com/weeklypolling/2012/5/31	Registered Voters - Republican	0.1	0.85	0.05
2012-05-31	2012-06-03	DailyKos/SEIU/PPP (D)	Automated Phone	http://dailykos.com/weeklypolling/2012/5/31	Registered Voters - independent	0.41	0.52	0.07
2012-05-09	2012-06-03	Pew	Phone	http://www.people-press.org/files/legacy-pdf/06-05-2012%20Econ%20News%20FINAL.pdf	Adults	0.46	0.42	0.11
2012-05-30	2012-06-01	Gallup	Phone	http://www.gallup.com/poll/113980/Gallup-Daily-Obama-Job-Approval.aspx	Adults	0.46	0.46	0
