2013-01-15	2013-01-17	FOX	Phone	http://www.foxnews.com/politics/interactive/2013/01/18/fox-news-poll-government-spending/	Registered Voters	0.51	0.47	0.02
2013-01-12	2013-01-15	NBC/WSJ	Phone	http://msnbcmedia.msn.com/i/MSNBC/Sections/A_Politics/_Today_Stories_Teases/13018_JANUARY_NBC-WSJ.pdf	Adults	0.52	0.37	0.11
2013-01-11	2013-01-15	CBS/Times	Phone	http://s3.documentcloud.org/documents/557713/the-new-york-times-cbs-news-poll.pdf	Adults	0.46	0.34	0.2
2013-01-09	2013-01-13	Pew	Phone	http://www.people-press.org/files/legacy-questionnaires/01-17-13%20Political%20Topline%20for%20Release.pdf	Adults	0.59	0.38	0.03
2012-12-15	2012-12-17	YouGov/Economist	Internet	http://cdn.yougov.com/cumulus_uploads/document/e6q77itx7k/20121215_econToplines.pdf	Adults	0.53	0.39	0.08
2012-12-12	2012-12-16	CBS	Phone	http://www.scribd.com/doc/117298635/CBS-News-Poll-Fiscal-Cliff	Adults	0.49	0.34	0.17
2012-12-08	2012-12-10	YouGov/Economist	Internet	http://cdn.yougov.com/cumulus_uploads/document/v4l4yvo8fk/econToplines.pdf	Adults	0.52	0.41000000000000003	0.07
2012-12-06	2012-12-09	NBC/WSJ	Phone	http://msnbcmedia.msn.com/i/MSNBC/Sections/A_Politics/_Today_Stories_Teases/NBCPOLL1212.pdf	Adults	0.53	0.38	0.09
2012-12-04	2012-12-06	Marist/McClatchy	Phone	http://maristpoll.marist.edu/wp-content/misc/usapolls/US121204/Obama/Complete%20December%2012,%202012%20USA%20McClatchy-Marist%20Poll%20Release%20and%20Tables.pdf	Registered Voters	0.53	0.44	0.03
2012-12-02	2012-12-06	Politico/GWU/Battleground	Phone	http://images.politico.com/global/2012/12/07/121207_battlegroundpoll.html	Likely Voters	0.52	0.45	0.03
2012-12-01	2012-12-03	YouGov/Economist	Internet	http://cdn.yougov.com/cumulus_uploads/document/v4l4yvo8fk/econToplines.pdf	Adults	0.53	0.43	0.03
2012-11-23	2012-11-26	YouGov/Economist	Internet	http://cdn.yougov.com/cumulus_uploads/document/ozwje0t4f4/econTabReport.pdf	Adults	0.51	0.47	0.02
2012-11-17	2012-11-19	YouGov/Economist	Internet	http://cdn.yougov.com/cumulus_uploads/document/co13jzvbau/econTabReport.pdf	Adults	0.47000000000000003	0.45999999999999996	0.07
2012-11-16	2012-11-18	CNN	Phone	http://i2.cdn.turner.com/cnn/2012/images/11/26/approvalpoll.pdf	Adults	0.56	0.41	0.02
2012-11-10	2012-11-12	YouGov/Economist	Internet	http://cdn.yougov.com/cumulus_uploads/document/o9egx1fa6x/econToplines.pdf	Adults	0.51	0.45	0.03
2012-11-09	2012-11-12	Gallup/USA Today	Phone	http://www.gallup.com/poll/158849/views-obama-democrats-election.aspx?utm_source=twitter&utm_medium=gallupnews&utm_campaign=syndication	Adults	0.58	0.41	0.01
2012-11-06	2012-11-07	GQR (D)	Phone	http://www.democracycorps.com/Economy-Project/engaging-the-big-economic-issues-ahead/	Likely Voters	0.51	0.41	0
2012-11-03	2012-11-05	YouGov/Economist	Internet	http://cdn.yougov.com/cumulus_uploads/document/6pkdh10fns/econToplines.pdf	Adults	0.51	0.46	0.02
2012-11-02	2012-11-04	PPP (D-Americans United for Change)	Automated Phone	http://www.publicpolicypolling.com/pdf/2011/PPP_Release_TrackingPoll_113.pdf	Likely Voters	0.5	0.47	0.03
2012-11-02	2012-11-04	CNN	Phone	http://i2.cdn.turner.com/cnn/2012/images/11/04/top16.pdf	Likely Voters	0.52	0.46	0.01
2012-11-01	2012-11-04	DailyKos/SEIU/PPP (D)	Automated Phone	http://www.dailykos.com/weeklypolling/2012/11/1	Likely Voters	0.49	0.48	0.03
2012-11-01	2012-11-04	Monmouth	Mixed	http://cms.monmouth.edu/assets/0/84/159/2147483694/c8af3c69-d7c7-4f41-9749-99d4fa948484.pdf	Likely Voters	0.47	0.44	0.08
2012-11-01	2012-11-04	Democracy Corps (D)	Phone	http://big.assets.huffingtonpost.com/demcorpstracker.pdf	Likely Voters	0.53	0.39	0
2012-11-01	2012-11-03	NBC/WSJ	Phone	http://firstread.nbcnews.com/_news/2012/11/04/14924205-final-national-nbcwsj-poll-before-tuesday-obama-48-percent-romney-47-percent?lite	Likely Voters	0.49	0.44999999999999996	0.06
2012-10-31	2012-11-01	Purple Strategies	Mixed	http://www.purplestrategies.com/wp-content/uploads/November110212_v4.pdf	Likely Voters	0.47	0.47	0.05
2012-10-30	2012-11-01	PPP (D-Americans United for Change)	Automated Phone	http://www.publicpolicypolling.com/pdf/2011/PPP_Release_TrackingPoll_111.pdf	Likely Voters	0.49	0.49	0.02
2012-10-29	2012-11-01	Politico/GWU/Battleground	Phone	https://mediarelations.gwu.edu/sites/mediarelations.gwu.edu/files/downloads/Questionnaire%20and%20Results_6.pdf	Likely Voters	0.51	0.45	0.04
2012-10-28	2012-10-30	FOX	Phone	http://www.foxnews.com/politics/interactive/2012/10/31/fox-news-poll-race-for-white-house-dead-heat/	Registered Voters	0.53	0.45	0.02
2012-10-26	2012-10-28	YouGov/Economist	Internet	http://today.yougov.com/news/2012/10/31/hurricane-sandy-obama-one/	Adults	0.49	0.48000000000000004	0.03
2012-10-26	2012-10-28	PPP (D-Americans United for Change)	Automated Phone	http://www.publicpolicypolling.com/pdf/2011/102610271028TrackerResults.pdf	Likely Voters	0.48	0.49	0.03
2012-10-25	2012-10-28	CBS/Times	Phone	http://big.assets.huffingtonpost.com/OctQuin.pdf	Likely Voters	0.46	0.46	0.09
2012-10-25	2012-10-28	DailyKos/SEIU/PPP (D)	Automated Phone	http://www.dailykos.com/weeklypolling/2012/10/25	Likely Voters	0.48	0.49	0.04
2012-10-24	2012-10-28	Pew	Phone	http://www.people-press.org/2012/10/29/presidential-race-dead-even-romney-maintains-turnout-edge/	Adults	0.56	0.4	0.04
2012-10-23	2012-10-25	NPR	Phone	http://media.npr.org/documents/2012/oct/NPROctpoll.pdf	Likely Voters	0.51	0.48	0.02
2012-10-23	2012-10-25	PPP (D-Americans United for Change)	Automated Phone	http://www.publicpolicypolling.com/pdf/2011/102310241025Results.pdf	Likely Voters	0.48	0.49	0.03
2012-10-22	2012-10-25	Politico/GWU/Battleground	Phone	http://images.politico.com/global/2012/10/politico_gwbgp_oct29_questionnaire.html	Likely Voters	0.51	0.47000000000000003	0.02
2012-10-19	2012-10-23	AP-GfK	Phone	http://ap-gfkpoll.com/main/wp-content/uploads/2012/10/AP-GfK-Poll-October-2012-Topline_POLITICS.pdf	Adults	0.53	0.42	0.05
2012-10-20	2012-10-22	YouGov/Economist	Internet	http://cdn.yougov.com/cumulus_uploads/document/75qcgwj577/econToplines.pdf	Adults	0.49	0.49	0.03
2012-10-18	2012-10-21	DailyKos/SEIU/PPP (D)	Automated Phone	http://www.dailykos.com/weeklypolling/2012/10/18	Likely Voters	0.47	0.49	0.04
2012-10-18	2012-10-21	Democracy Corps (D)	Phone	http://www.democracycorps.com/attachments/article/918/dcor.ecn.fq.102112.pol.v2.pdf	Likely Voters	0.5	0.43	0
2012-10-18	2012-10-21	Monmouth	Mixed	http://www.monmouth.edu/assets/0/84/159/2147483694/0e2e970e-a544-4f4d-8659-6233705b8ae7.pdf	Likely Voters	0.45	0.45	0.1
2012-10-17	2012-10-20	CBS	Phone	http://www.cbsnews.com/8301-250_162-57537588/poll-ahead-of-third-debate-obama-leads-on-foreign-policy/?pageNum=2&tag=page	Adults	0.47	0.42	0.10999999999999999
2012-10-17	2012-10-20	NBC/WSJ	Phone	http://msnbcmedia.msn.com/i/MSNBC/Sections/A_Politics/nbc_oct_poll.pdf	Registered Voters	0.49	0.43	0.08
2012-10-17	2012-10-19	PPP (D-Americans United for Change)	Automated Phone	http://www.publicpolicypolling.com/pdf/2011/PPP_Release_TrackingPoll_1019Evening.pdf	Likely Voters	0.49	0.47	0.04
2012-10-14	2012-10-18	Politico/GWU/Battleground	Phone	http://images.politico.com/global/2012/10/politico_gwbgp_oct22_questionnaire.html	Likely Voters	0.52	0.44	0.04
2012-10-13	2012-10-15	YouGov/Economist	Internet	http://today.yougov.com/news/2012/10/17/likely-voters-give-president-one-point-edge/	Adults	0.49	0.48000000000000004	0.04
2012-10-12	2012-10-14	DailyKos/SEIU/PPP (D)	Automated Phone	http://www.dailykos.com/weeklypolling/2012/10/12	Likely Voters	0.46	0.51	0.03
2012-10-10	2012-10-11	Gallup/USA Today	Phone	http://www.gallup.com/poll/158045/voters-equally-favorable-candidates-prior-second-debate.aspx	Registered Voters	0.51	0.48	0
2012-10-07	2012-10-11	Politico/GWU/Battleground	Phone	http://www.politico.com/news/stories/1012/82389.html	Likely Voters	0.53	0.46	0.02
2012-10-08	2012-10-10	Monmouth	Mixed	http://www.monmouth.edu/assets/0/84/159/2147483694/f84548f8-7dcc-4d33-9b5c-56d2e18df7f5.pdf	Likely Voters	0.46	0.45	0.08
2012-10-07	2012-10-09	FOX	Phone	http://www.foxnews.com/politics/interactive/2012/10/10/fox-news-poll-race-shifts-toward-romney-after-debate/	Registered Voters	0.52	0.44	0.04
2012-10-06	2012-10-08	YouGov/Economist	Internet	http://cdn.yougov.com/cumulus_uploads/document/oskexcz53d/econToplines.pdf	Adults	0.49	0.47000000000000003	0.04
2012-10-04	2012-10-07	ABC/Post	Phone	http://www.langerresearch.com/uploads/1127-45a1FavorabilityNo45a1.pdf	Registered Voters	0.55	0.44	0.01
2012-10-04	2012-10-07	DailyKos/SEIU/PPP (D)	Automated Phone	http://www.dailykos.com/weeklypolling/2012/10/4	Likely Voters	0.47	0.5	0.04
2012-10-04	2012-10-07	Pew	Phone	http://www.people-press.org/2012/10/08/romneys-strong-debate-performance-erases-obamas-lead/	Adults	0.5	0.45	0.05
2012-10-01	2012-10-04	Politico/GWU/Battleground	Phone	http://www.politico.com/news/stories/1012/82122.html	Likely Voters	0.52	0.45	0.03
2012-09-30	2012-10-02	McLaughlin (R-American Conservative Union)	Phone	http://mclaughlinonline.com/lib/sitefiles/National_ACU_10-3-12_Presentation_ACU.pdf	Likely Voters	0.52	0.46	0.03
2012-09-29	2012-10-01	YouGov/Economist	Internet	http://cdn.yougov.com/cumulus_uploads/document/j7g41wxzsz/econToplines.pdf	Adults	0.48	0.48	0.05
2012-09-28	2012-09-30	CNN	Phone	http://i2.cdn.turner.com/cnn/2012/images/10/01/rel11a.pdf	Registered Voters	0.53	0.47	0
2012-09-27	2012-09-30	DailyKos/SEIU/PPP (D)	Automated Phone	http://elections.dailykos.com/weeklypolling/2012/9/27	Likely Voters	0.49	0.48	0.03
2012-09-26	2012-09-30	NPR	Phone	http://media.npr.org/documents/2012/oct/nprpoll.pdf	Likely Voters	0.53	0.4	0
2012-09-26	2012-09-30	NBC/WSJ	Phone	http://msnbcmedia.msn.com/i/MSNBC/Sections/A_Politics/_Today_Stories_Teases/NBCNews-WSJPoll_9-12.pdf	Registered Voters	0.52	0.42	0.06
2012-09-25	2012-09-30	Quinnipiac	Phone	http://www.quinnipiac.edu/institutes-and-centers/polling-institute/national/release-detail?ReleaseID=1801	Likely Voters	0.5	0.47	0.03
2012-09-24	2012-09-27	Politico/GWU/Battleground	Phone	http://www.politico.com/news/stories/0912/81830.html?hp=l1	Likely Voters	0.5	0.47	0
2012-09-24	2012-09-26	FOX	Phone	http://www.foxnews.com/politics/interactive/2012/09/27/fox-news-poll-voters-want-change-president-to-stand-up-for-free-speech/	Registered Voters	0.52	0.43	0.04
2012-09-22	2012-09-24	YouGov/Economist	Internet	http://cdn.yougov.com/cumulus_uploads/document/dqvatpi3fj/econToplines.pdf	Adults	0.52	0.45999999999999996	0.02
2012-09-21	2012-09-24	Bloomberg	Phone	http://media.bloomberg.com/bb/avfile/rhMzOK9Gexhs	Adults	0.52	0.44	0.04
2012-09-20	2012-09-23	DailyKos/SEIU/PPP (D)	Automated Phone	http://elections.dailykos.com/weeklypolling/2012/9/20	Likely Voters	0.5	0.47	0.03
2012-09-16	2012-09-20	Politico/GWU/Battleground	Phone	http://images.politico.com/global/2012/09/battlegroundpoll.html	Likely Voters	0.53	0.44999999999999996	0.01
2012-09-15	2012-09-17	YouGov/Economist	Internet	http://cdn.yougov.com/cumulus_uploads/document/w8gq8k2j9r/econToplines.pdf	Adults	0.52	0.44	0.03
2012-09-13	2012-09-17	Reason/Rupe	Phone	http://reason.com/assets/db/13481953038600.pdf	Likely Voters	0.52	0.45	0.04
2012-09-13	2012-09-17	AP-GfK	Phone	http://ap-gfkpoll.com/main/wp-content/uploads/2012/09/AP-GfK-Poll-September-2012-Topline_1st-release.pdf	Adults	0.58	0.39	0.03
2012-09-13	2012-09-16	DailyKos/SEIU/PPP (D)	Automated Phone	http://elections.dailykos.com/weeklypolling/2012/9/13	Likely Voters	0.5	0.47	0.03
2012-09-13	2012-09-16	Monmouth	Mixed	http://www.monmouth.edu/assets/0/84/159/2147483694/31a5695e-db0d-4272-b292-b9640f4ff7fb.pdf	Registered Voters	0.46	0.39	0.15
2012-09-12	2012-09-16	Pew	Phone	http://www.people-press.org/2012/09/19/obama-ahead-with-stronger-support-better-image-and-lead-on-most-issues/	Adults	0.57	0.4	0.04
2012-09-12	2012-09-16	NBC/WSJ	Phone	http://msnbcmedia.msn.com/i/MSNBC/Sections/A_Politics/_Today_Stories_Teases/September_WSJ_NBC_Poll.pdf	Registered Voters	0.48	0.42	0.09999999999999999
2012-09-08	2012-09-12	CBS/Times	Phone	http://s3.documentcloud.org/documents/432864/latest-cbs-news-new-york-times-poll.pdf	Registered Voters	0.45	0.41	0.14
2012-09-08	2012-09-12	Democracy Corps (D)	Phone	http://www.democracycorps.com/attachments/article/908/dcor.political.fq.09132012.web.pdf	Likely Voters	0.5	0.43	0
2012-09-09	2012-09-11	FOX	Phone	http://www.foxnews.com/politics/interactive/2012/09/12/fox-news-poll-obama-tops-romney-in-post-convention-poll-most-say-country-still/	Registered Voters	0.52	0.44	0.04
2012-09-08	2012-09-10	YouGov/Economist	Internet	http://cdn.yougov.com/cumulus_uploads/document/38mwx7z6ey/econToplines.pdf	Adults	0.52	0.44	0.04
2012-09-07	2012-09-09	DailyKos/SEIU/PPP (D)	Automated Phone	http://elections.dailykos.com/weeklypolling/2012/9/7	Likely Voters	0.51	0.46	0.03
2012-09-07	2012-09-09	CNN	Phone	http://politicalticker.blogs.cnn.com/2012/09/10/cnn-poll-obama-up-six-points-over-romney/	Registered Voters	0.57	0.41	0.01
2012-09-04	2012-09-08	Ipsos/Reuters (Web)	Internet	http://big.assets.huffingtonpost.com/reutersipsos090812.pdf	Registered Voters	0.53	0.47	0
2012-09-01	2012-09-03	YouGov/Economist	Internet	http://cdn.yougov.com/cumulus_uploads/document/xlycixojrf/econToplines.pdf	Adults	0.48	0.44999999999999996	0.07
2012-08-31	2012-09-03	CNN	Phone	http://politicalticker.blogs.cnn.com/2012/09/04/cnn-poll-did-romney-get-a-convention-bounce/	Registered Voters	0.54	0.44	0.02
2012-08-29	2012-09-02	ABC/Post	Phone	http://www.langerresearch.com/uploads/1127a40FavorabilityNo40.pdf	Registered Voters	0.47	0.49	0.04
2012-08-29	2012-09-02	Ipsos/Reuters (Web)	Internet	http://big.assets.huffingtonpost.com/ipsos090212.pdf	Registered Voters	0.51	0.49	0
2012-08-24	2012-08-28	Ipsos/Reuters (Web)	Internet	http://big.assets.huffingtonpost.com/ReutersIpsosConvention082812.pdf	Registered Voters	0.51	0.49	0
2012-08-25	2012-08-27	YouGov/Economist	Internet	http://cdn.yougov.com/cumulus_uploads/document/k7rcu50rvy/econToplines.pdf	Adults	0.46	0.48	0.06
2012-08-23	2012-08-27	Democracy Corps (D)	Phone	http://www.democracycorps.com/attachments/article/906/dcor.nat.polt.082812.pdf	Likely Voters	0.49	0.44	0
2012-08-23	2012-08-26	DailyKos/SEIU/PPP (D)	Automated Phone	http://elections.dailykos.com/weeklypolling/2012/8/23	Registered Voters	0.51	0.46	0.04
2012-08-22	2012-08-26	ABC/Post	Phone	http://www.langerresearch.com/uploads/1127a39FavorabilityNo39.pdf	Adults	0.5	0.44	0.06
2012-08-22	2012-08-26	CBS	Phone	http://www.scribd.com/doc/104119402/Aug1b-Ctm-Elec?secret_password=24vdx7v29toba1fa1ie	Adults	0.41	0.44	0.15
2012-08-22	2012-08-23	CNN	Phone	http://i2.cdn.turner.com/cnn/2012/images/08/24/rel8a.pdf	Registered Voters	0.54	0.44	0.02
2012-08-20	2012-08-22	USA Today/Gallup	Phone	http://www.gallup.com/poll/157280/democratic-headliners-good-favor-americans.aspx	Adults	0.53	0.46	0.01
2012-08-16	2012-08-22	Resurgent Republic (R)	Phone	http://s3.amazonaws.com/resurgentrepublic.com/resurgentrepublic/production/assets/576/original/rr-aug-12-toplines.pdf	Registered Voters	0.48	0.49	0.03
2012-08-19	2012-08-21	FOX	Phone	http://www.foxnews.com/politics/interactive/2012/08/23/fox-news-poll-race-for-white-house-tightens/	Registered Voters	0.52	0.43	0.04
2012-08-18	2012-08-20	YouGov/Economist	Internet	http://cdn.yougov.com/cumulus_uploads/document/1wbynyqshc/econToplines.pdf	Adults	0.44	0.48	0.07
2012-08-16	2012-08-20	AP-GfK	Phone	http://ap-gfkpoll.com/main/wp-content/uploads/2012/08/AP-GfK-Poll-August-2012-Topline-FINAL_politics.pdf	Adults	0.53	0.44	0.03
2012-08-16	2012-08-20	NBC/WSJ	Phone	http://msnbcmedia.msn.com/i/MSNBC/Sections/A_Politics/_Today_Stories_Teases/August_NBC-WSJ_Int_Sched.pdf	Registered Voters	0.48	0.43	0.09
2012-08-16	2012-08-19	DailyKos/SEIU/PPP (D)	Automated Phone	http://www.dailykos.com/weeklypolling/2012/8/16	Registered Voters	0.47	0.49	0.05
2012-08-15	2012-08-19	Monmouth	Mixed	http://www.monmouth.edu/assets/0/84/159/2147483694/9e0f1831-9dbd-4fa3-b0e3-59588c95ec61.pdf	Registered Voters	0.42	0.4	0.18
2012-08-13	2012-08-19	USC/LAT	Phone	http://www.gqrr.com/index.php?ID=2780	Registered Voters	0.53	0.45	0.02
2012-08-11	2012-08-13	YouGov/Economist	Internet	http://cdn.yougov.com/cumulus_uploads/document/lfu8cg1oh5/econToplines.pdf	Adults	0.46	0.47	0.06
2012-08-09	2012-08-12	DailyKos/SEIU/PPP (D)	Automated Phone	http://www.dailykos.com/weeklypolling/2012/8/9	Registered Voters	0.47	0.48	0.05
2012-08-05	2012-08-09	Politico/GWU/Battleground	Phone	http://images.politico.com/global/2012/08/politico_gw_bg_48_questionnaire.pdf	Likely Voters	0.5	0.47000000000000003	0.03
2012-08-07	2012-08-08	CNN	Phone	http://politicalticker.blogs.cnn.com/2012/08/09/cnn-poll-obama-holds-7-point-lead-over-romney/	Adults	0.56	0.42	0.02
2012-08-05	2012-08-07	FOX	Phone	http://www.foxnews.com/politics/interactive/2012/08/09/fox-news-poll-presidential-race/	Registered Voters	0.54	0.42	0.04
2012-08-04	2012-08-06	YouGov/Economist	Internet	http://cdn.yougov.com/cumulus_uploads/document/fazmvhzmj2/econToplines.pdf	Adults	0.45	0.49	0.06
2012-08-02	2012-08-05	DailyKos/SEIU/PPP (D)	Automated Phone	http://www.dailykos.com/weeklypolling/2012/8/2	Registered Voters	0.47	0.48	0.05
2012-08-01	2012-08-05	ABC/Post	Phone	http://www.washingtonpost.com/politics/polling/obama-remains-popular-romney-conventions/2012/08/08/19caa396-e10e-11e1-8d48-2b1243f34c85_page.html	Adults	0.53	0.43	0
2012-07-28	2012-07-30	YouGov/Economist	Internet	http://cdn.yougov.com/cumulus_uploads/document/gz7vfdakvv/econToplines.pdf	Adults	0.48000000000000004	0.45	0.07
2012-07-26	2012-07-29	DailyKos/SEIU/PPP (D)	Automated Phone	http://dailykos.com/weeklypolling/2012/7/26	Registered Voters	0.48	0.47	0.05
2012-07-16	2012-07-26	Pew	Phone	http://big.assets.huffingtonpost.com/pew82.pdf	Adults	0.51	0.42	0.08
2012-07-21	2012-07-25	Democracy Corps (D)	Phone	http://www.democracycorps.com/attachments/article/900/July_Dcorps_political_%20FQ.pdf	Likely Voters	0.49	0.41	0
2012-07-21	2012-07-23	YouGov/Economist	Internet	http://cdn.yougov.com/cumulus_uploads/document/t94ooj9582/20120721%20econToplines.pdf	Adults	0.44999999999999996	0.48	0.06
2012-07-19	2012-07-22	USA Today/Gallup	Phone	http://www.gallup.com/poll/156134/Obama-Character-Edge-Offsets-Romney-Economic-Advantage.aspx	Adults	0.53	0.45	0.02
2012-07-19	2012-07-22	DailyKos/SEIU/PPP (D)	Automated Phone	http://dailykos.com/weeklypolling/2012/7/19	Registered Voters	0.45	0.5	0.05
2012-07-18	2012-07-22	NBC/WSJ	Phone	http://msnbcmedia.msn.com/i/MSNBC/Sections/A_Politics/_Today_Stories_Teases/12768_July_Poll.pdf	Registered Voters	0.49	0.43	0.08
2012-07-15	2012-07-17	FOX	Phone	http://www.foxnews.com/politics/interactive/2012/07/18/fox-news-poll-37-voters-say-are-better-off-than-four-years-ago/	Registered Voters	0.52	0.46	0.02
2012-07-14	2012-07-16	YouGov/Economist	Internet	http://cdn.yougov.com/cumulus_uploads/document/wxt8kj3j6n/econToplines.pdf	Adults	0.48000000000000004	0.43999999999999995	0.07
2012-07-11	2012-07-16	CBS/Times	Phone	http://www.cbsnews.com/8301-250_162-57475191/cbs-news-new-york-times-poll-7-18-12/	Adults	0.36	0.48	0.16
2012-07-12	2012-07-15	DailyKos/SEIU/PPP (D)	Automated Phone	http://dailykos.com/weeklypolling/2012/6/28	Registered Voters	0.47	0.48	0.05
2012-07-09	2012-07-12	Gallup	Phone	http://www.gallup.com/poll/155720/Congress-Approval-Remains-Historically-Low.aspx	Adults	0.54	0.43	0.03
2012-07-09	2012-07-11	Marist/McClatchy	Phone	http://www.mcclatchydc.com/2012/07/13/156143/mcclatchy-marist-poll-july-2012.html	Registered Voters	0.49	0.46	0.05
2012-07-07	2012-07-09	YouGov/Economist	Internet	http://cdn.yougov.com/cumulus_uploads/document/qmv1u9m8r1/econToplines.pdf	Adults	0.45	0.5	0.05
2012-07-01	2012-07-08	Quinnipiac	Phone	http://www.quinnipiac.edu/institutes-and-centers/polling-institute/national/release-detail?ReleaseID=1770	Registered Voters	0.45	0.48	0.08
2012-06-30	2012-07-02	YouGov/Economist	Internet	http://cdn.yougov.com/cumulus_uploads/document/kei4w7h2au/econToplines.pdf	Adults	0.47000000000000003	0.45999999999999996	0.07
2012-06-28	2012-07-01	DailyKos/SEIU/PPP (D)	Automated Phone	http://dailykos.com/weeklypolling/2012/6/28	Registered Voters	0.47	0.48	0.05
2012-06-28	2012-07-01	CNN	Phone	http://i2.cdn.turner.com/cnn/2012/images/07/02/rel6b.pdf	Registered Voters	0.55	0.44	0.01
2012-06-28	2012-06-28	Newsweek/Daily Beast	Phone	http://www.thedailybeast.com/articles/2012/06/29/new-poll-voters-dislike-supreme-court-s-obamacare-ruling.html	Likely Voters	0.51	0.47	0.02
2012-06-23	2012-06-27	Democracy Corps (D)	Phone	http://www.democracycorps.com/strategy/2012/06/president-obama-makes-gains-in-winnable-race/	Likely Voters	0.49	0.41	0
2012-06-23	2012-06-25	YouGov/Economist	Internet	http://cdn.yougov.com/cumulus_uploads/document/cfvy9lxvl9/econToplines.pdf	Adults	0.45	0.47	0.08
2012-06-21	2012-06-24	DailyKos/SEIU/PPP (D)	Automated Phone	http://dailykos.com/weeklypolling/2012/6/21	Registered Voters	0.45	0.5	0.05
2012-06-20	2012-06-24	NBC/WSJ	Phone	http://msnbcmedia.msn.com/i/MSNBC/Sections/A_Politics/_Today_Stories_Teases/120626-JUNE-NBC-WSJ.pdf	Adults	0.48	0.38	0.14
2012-06-16	2012-06-18	YouGov/Economist	Internet	http://cdn.yougov.com/cumulus_uploads/document/cfvy9lxvl9/econToplines.pdf	Adults	0.47000000000000003	0.44999999999999996	0.08
2012-06-15	2012-06-18	Bloomberg	Phone	http://media.bloomberg.com/bb/avfile/rQyA68BW5P20	Likely Voters	0.55	0.42	0.03
2012-06-14	2012-06-17	DailyKos/SEIU/PPP (D)	Automated Phone	http://dailykos.com/weeklypolling/2012/6/14	Registered Voters	0.47	0.49	0.04
2012-06-07	2012-06-17	Pew	Phone	http://www.people-press.org/files/legacy-pdf/06-21-12%20Voter%20Attitudes.pdf	Adults	0.53	0.44	0.04
2012-06-09	2012-06-11	YouGov/Economist	Internet	http://cdn.yougov.com/cumulus_uploads/document/u3436zp4v5/econToplines.pdf	Adults	0.45	0.48	0.07
2012-06-07	2012-06-10	DailyKos/SEIU/PPP (D)	Automated Phone	http://dailykos.com/weeklypolling/2012/6/7	Registered Voters	0.5	0.45	0.05
2012-06-04	2012-06-06	Monmouth	Mixed	http://www.monmouth.edu/assets/0/84/159/2147483694/a40d8817-79e0-4025-8dcc-0cda6ce63d3c.pdf	Registered Voters	0.43	0.4	0.17
2012-06-03	2012-06-05	FOX	Phone	http://www.foxnews.com/politics/interactive/2012/05/16/fox-news-poll-presidential-race/	Registered Voters	0.54	0.42	0.04
2012-06-02	2012-06-04	YouGov/Economist	Internet	http://cdn.yougov.com/cumulus_uploads/document/h5w42vv4f3/econToplines.pdf	Adults	0.47	0.45	0.08
2012-06-01	2012-06-04	Gallup	Phone	http://www.gallup.com/poll/155078/Views-Obama-Romney-Strongly-Negative-Positive.aspx	Adults	0.52	0.43	0
2012-05-31	2012-06-03	DailyKos/SEIU/PPP (D)	Automated Phone	http://dailykos.com/weeklypolling/2012/5/31	Registered Voters	0.49	0.45	0.05
2012-05-29	2012-05-31	CNN	Phone	http://i2.cdn.turner.com/cnn/2012/images/06/01/rel5b.pdf	Registered Voters	0.56	0.42	0
2012-05-26	2012-05-28	YouGov/Economist	Internet	http://cdn.yougov.com/cumulus_uploads/document/ayfnab9ii1/econToplines.pdf	Adults	0.45999999999999996	0.5	0.05
2012-05-23	2012-05-27	ABC/Post	Phone	http://www.washingtonpost.com/blogs/behind-the-numbers/post/gop-women-warm-to-romney-slicing-popularity-gap-vs-obama-according-to-new-poll/2012/05/30/gJQAmqwl1U_blog.html?wprss=rss_behind-the-numbers	Adults	0.49	0.48	0
2012-05-19	2012-05-21	YouGov/Economist	Internet	http://cdn.yougov.com/cumulus_uploads/document/osny9o0ez8/econToplines.pdf	Adults	0.48000000000000004	0.47	0.05
2012-05-17	2012-05-20	DailyKos/SEIU/PPP (D)	Automated Phone	http://www.dailykos.com/weeklypolling/2012/5/17	Registered Voters	0.45	0.49	0.06
2012-05-16	2012-05-20	NBC/WSJ	Phone	http://msnbcmedia.msn.com/i/MSNBC/Sections/A_Politics/_Today_Stories_Teases/120522NBCWSJpoll.pdf	Adults	0.49	0.41	0.1
2012-05-13	2012-05-15	FOX	Phone	http://www.foxnews.com/politics/interactive/2012/05/16/fox-news-poll-presidential-race/	Registered Voters	0.52	0.44	0.04
2012-05-12	2012-05-14	YouGov/Economist	Internet	http://cdn.yougov.com/cumulus_uploads/document/osny9o0ez8/econToplines.pdf	Adults	0.44	0.49	0.07
2012-05-10	2012-05-13	Gallup	Phone	http://www.gallup.com/poll/154703/Romney-Registers-Personal-Best-Favorable-Rating.aspx	Adults	0.52	0.46	0.02
2012-05-10	2012-05-13	DailyKos/SEIU/PPP (D)	Automated Phone	http://dailykos.com/weeklypolling/2012/5/10	Registered Voters	0.47	0.48	0.04
2012-05-05	2012-05-07	YouGov/Economist	Internet	http://cdn.yougov.com/cumulus_uploads/document/s0tv1r0a0f/econToplines.pdf?utm_source=Economist%2FYouGov+Poll+Results+Week+Of+May+5+2012+&utm_campaign=Google+Analytics&utm_medium=email	Adults	0.48000000000000004	0.48	0.05
2012-05-03	2012-05-07	AP-GfK	Phone	http://surveys.ap.org/data/GfK/AP-GfK%20Poll%20May%202012%20Topline%20final_2012eln.pdf	Adults	0.58	0.38	0.04
2012-05-03	2012-05-06	DailyKos/SEIU/PPP (D)	Automated Phone	http://dailykos.com/weeklypolling/2012/5/3	Registered Voters	0.47	0.48	0.05
2012-04-30	2012-05-02	Resurgent Republic (R)	Phone	http://s3.amazonaws.com/resurgentrepublic.com/resurgentrepublic/production/assets/473/original/rr_may_toplines.pdf	Registered Voters	0.5	0.45	0.05
2012-04-28	2012-05-01	Democracy Corps (D)	Phone	http://www.democracycorps.com/wp-content/files/2012-May-1-DCorps-FQ_updated_WEB.pdf	Likely Voters	0.48	0.42	0
2012-04-28	2012-04-30	YouGov/Economist	Internet	http://cdn.yougov.com/cumulus_uploads/document/0p6rgsuach/econToplines.pdf	Adults	0.47000000000000003	0.47	0.05
2012-04-26	2012-04-29	DailyKos/SEIU/PPP (D)	Automated Phone	http://dailykos.com/weeklypolling/2012/4/26	Registered Voters	0.49	0.46	0.05
2012-04-22	2012-04-24	FOX	Phone	http://www.foxnews.com/politics/interactive/2012/04/25/fox-news-poll-45-percent-approve-obama/	Registered Voters	0.5	0.48	0.02
2012-04-21	2012-04-23	YouGov/Economist	Internet	http://cdn.yougov.com/cumulus_uploads/document/hhso6vssxx/econToplines.pdf	Adults	0.45	0.48	0.07
2012-04-19	2012-04-22	DailyKos/SEIU/PPP (D)	Automated Phone	http://dailykos.com/weeklypolling/2012/4/19	Registered Voters	0.5	0.46	0.04
2012-04-13	2012-04-17	NBC/WSJ	Phone	http://msnbcmedia.msn.com/i/MSNBC/Sections/A_Politics/_Today_Stories_Teases/12336%20APRIL%20NBC-WSJ%20Poll%20Release%20(4-19).pdf	Adults	0.48	0.39	0.13
2012-04-13	2012-04-17	CBS/Times	Phone	http://www.cbsnews.com/8301-250_162-57416095/cbs-news-nyt-poll-4-18-12/	Adults	0.42	0.45	0.13
2012-04-11	2012-04-17	Quinnipiac	Phone	http://www.quinnipiac.edu/institutes-and-centers/polling-institute/search-releases/search-results/release-detail?ReleaseID=1737&What=&strArea=;&strTime=0	Registered Voters	0.33	0.38	0.29000000000000004
2012-04-14	2012-04-16	YouGov/Economist	Internet	http://cdn.yougov.com/cumulus_uploads/document/q7qphtiux5/econToplines.pdf	Adults	0.44	0.5	0.06
2012-04-12	2012-04-15	DailyKos/SEIU/PPP (D)	Automated Phone	http://dailykos.com/weeklypolling/2012/4/12	Registered Voters	0.48	0.47	0.05
2012-04-12	2012-04-15	CNN	Phone	http://i2.cdn.turner.com/cnn/2012/images/04/17/rel4e1.pdf	Adults	0.56	0.42	0.02
2012-04-11	2012-04-15	ABC/Post	Phone	http://www.washingtonpost.com/wp-srv/politics/polls/postabcpoll_041215.html	Adults	0.56	0.4	0.05
2012-04-07	2012-04-10	YouGov/Economist	Internet	http://cdn.yougov.com/cumulus_uploads/document/62c5cvpx77/econToplines.pdf	Adults	0.46	0.45999999999999996	0.08
2012-04-04	2012-04-07	DailyKos/SEIU/PPP (D)	Automated Phone	http://dailykos.com/weeklypolling/2012/4/4	Registered Voters	0.49	0.48	0.03
2012-03-31	2012-04-03	YouGov/Economist	Internet	http://cdn.yougov.com/cumulus_uploads/document/tcsmuw8ni1/econToplines.pdf	Adults	0.46	0.47	0.07
2012-03-29	2012-04-01	DailyKos/SEIU/PPP (D)	Automated Phone	http://dailykos.com/weeklypolling/2012/3/29	Registered Voters	0.49	0.48	0.03
2012-03-24	2012-03-27	YouGov/Economist	Internet	http://cdn.yougov.com/cumulus_uploads/document/id0byp7yy7/econToplines.pdf	Adults	0.44000000000000006	0.47	0.09
2012-03-24	2012-03-25	CNN	Phone	http://i2.cdn.turner.com/cnn/2012/images/03/28/rel3d.pdf	Adults	0.56	0.42	0.02
2012-03-22	2012-03-25	DailyKos/SEIU/PPP (D)	Automated Phone	http://dailykos.com/weeklypolling/2012/3/22	Registered Voters	0.49	0.45	0.06
2012-03-21	2012-03-25	ABC/Post	Phone	http://www.langerresearch.com/uploads/1127a21FavorabilityNo21.pdf	Adults	0.53	0.43	0.03
2012-03-21	2012-03-25	Suffolk	Phone	http://www.suffolk.edu/51086.html	Likely Voters	0.52	0.43	0.05
2012-03-20	2012-03-22	Marist/McClatchy	Phone	http://www.mcclatchydc.com/2012/03/26/143149/mcclatchy-marist-poll-on-politics.html	Registered Voters	0.5	0.46	0.03
2012-03-17	2012-03-20	YouGov/Economist	Internet	http://cdn.yougov.com/cumulus_uploads/document/3nqergp46v/econToplines.pdf	Adults	0.47	0.46	0.06
2012-03-15	2012-03-18	DailyKos/SEIU/PPP (D)	Automated Phone	http://dailykos.com/weeklypolling/2012/3/15	Registered Voters	0.48	0.49	0.03
2012-03-10	2012-03-13	YouGov/Economist	Internet	http://cdn.yougov.com/cumulus_uploads/document/80t59s65uu/econToplines.pdf	Adults	0.47	0.45	0.08
2012-03-10	2012-03-12	FOX	Phone	http://www.foxnews.com/interactive/politics/2012/03/14/fox-news-poll-romney-leads-gop-pack-but-obama-still-tops-republicans-in/	Registered Voters	0.5	0.47	0.03
2012-03-08	2012-03-11	Bloomberg	Phone	http://www.bloomberg.com/news/2012-03-14/obama-romney-race-toss-up-in-poll-showing-independents-critical.html	Adults	0.52	0.45	0.03
2012-03-08	2012-03-11	DailyKos/SEIU/PPP (D)	Automated Phone	http://dailykos.com/weeklypolling/2012/3/8	Registered Voters	0.48	0.47	0.04
2012-03-07	2012-03-11	Pew	Phone	http://www.people-press.org/files/legacy-pdf/03-14-12%20Political%20Release.pdf	Adults	0.56	0.41	0.03
2012-03-07	2012-03-11	CBS/Times	Phone	http://www.cbsnews.com/8301-250_162-57395858/cbs-news-nyt-polls-3-12-12/	Registered Voters	0.41	0.41	0.18000000000000002
2012-03-03	2012-03-06	YouGov/Economist	Internet	http://big.assets.huffingtonpost.com/20120306econToplines.pdf	Adults	0.48	0.44000000000000006	0.06
2012-03-01	2012-03-04	DailyKos/SEIU/PPP (D)	Automated Phone	http://dailykos.com/weeklypolling/2012/3/1	Registered Voters	0.47	0.49	0.04
2012-02-29	2012-03-03	NBC/WSJ	Phone	http://firstread.msnbc.msn.com/_news/2012/03/04/10578249-nbcwsj-poll-primary-season-takes-corrosive-toll-on-gop-and-its-candidates	Adults	0.49	0.37	0.14
2012-02-25	2012-02-28	YouGov/Economist	Internet	http://big.assets.huffingtonpost.com/20120228econToplines.pdf	Adults	0.48000000000000004	0.44999999999999996	0.07
2012-02-23	2012-02-26	DailyKos/SEIU/PPP (D)	Automated Phone	http://dailykos.com/weeklypolling/2012/2/23	Registered Voters	0.49	0.47	0.04
2012-02-22	2012-02-26	ABC/Post	Phone	http://www.washingtonpost.com/wp-srv/politics/polls/postabcpoll_021226.html	Adults	0.51	0.45	0.03
2012-02-19	2012-02-22	Politico/GWU/Battleground	Phone	http://images.politico.com/global/2012/02/bg_46_questionnaire.html	Likely Voters	0.54	0.42	0.03
2012-02-18	2012-02-21	YouGov/Economist	Internet	http://cdn.yougov.com/downloads/releases/econ/20120218_econToplines.pdf	Adults	0.51	0.41000000000000003	0.08
2012-02-16	2012-02-20	AP-GfK	Phone	http://surveys.ap.org/data/GfK/AP-GfK%20Poll%20February%202012%20Topline_Obama%20economy.pdf	Adults	0.57	0.42	0.01
2012-02-14	2012-02-20	Quinnipiac	Phone	http://www.quinnipiac.edu/institutes-and-centers/polling-institute/national/release-detail?ReleaseID=1708	Registered Voters	0.47	0.48	0.04
2012-02-16	2012-02-19	Gallup	Phone	http://www.gallup.com/poll/152942/Obama-Favorable-Rating-Higher-GOP-Candidates.aspx	Adults	0.5	0.48	0.02
2012-02-16	2012-02-19	DailyKos/SEIU/PPP (D)	Automated Phone	http://dailykos.com/weeklypolling/2012/2/16	Registered Voters	0.5	0.45	0.05
2012-02-11	2012-02-14	Democracy Corps (D)	Phone	http://www.democracycorps.com/wp-content/files/dcor120214fq_web-Wednesday.pdf	Likely Voters	0.48	0.42	0
2012-02-10	2012-02-13	CNN	Phone	http://i2.cdn.turner.com/cnn/2012/images/02/14/rel2c.pdf	Adults	0.53	0.45	0.01
2012-02-08	2012-02-13	CBS/Times	Phone	http://www.cbsnews.com/8301-250_162-57377936/cbs-news-polls-2-14-12/	Registered Voters	0.45	0.41	0.14
2012-02-09	2012-02-12	DailyKos/SEIU/PPP (D)	Automated Phone	http://dailykos.com/weeklypolling/2012/2/9	Registered Voters	0.48	0.48	0.03
2012-02-02	2012-02-05	DailyKos/SEIU/PPP (D)	Automated Phone	http://dailykos.com/weeklypolling/2012/2/2	Registered Voters	0.5	0.46	0.04
2012-01-26	2012-01-29	DailyKos/SEIU/PPP (D)	Automated Phone	http://dailykos.com/weeklypolling/2012/1/26	Registered Voters	0.48	0.47	0.06
2012-01-22	2012-01-24	NBC/WSJ	Phone	http://msnbcmedia.msn.com/i/MSNBC/Sections/A_Politics/_Today_Stories_Teases/120126NBCWSJfinal.pdf	Adults	0.5	0.39	0.11
2012-01-19	2012-01-22	DailyKos/SEIU/PPP (D)	Automated Phone	http://dailykos.com/weeklypolling/2012/1/19	Registered Voters	0.47	0.49	0.04
2012-01-18	2012-01-22	ABC/Post	Phone	http://www.washingtonpost.com/wp-srv/politics/polls/postabcpoll_012212.html	Adults	0.53	0.43	0.04
2012-01-12	2012-01-17	CBS/Times	Phone	http://www.cbsnews.com/htdocs/pdf/Jan_12b_Prez_Econ_Gen_Elec.pdf?tag=contentMain;contentBody	Registered Voters	0.38	0.45	0.17
2012-01-11	2012-01-16	Pew	Phone	http://www.people-press.org/files/legacy-pdf/1-19-12%20Obama%20Release.pdf	Adults	0.51	0.45	0.04
2012-01-12	2012-01-15	DailyKos/SEIU/PPP (D)	Automated Phone	http://dailykos.com/weeklypolling/2012/1/12	Registered Voters	0.49	0.47	0.04
2012-01-12	2012-01-14	FOX	Phone	http://www.foxnews.com/interactive/politics/2012/01/15/fox-news-poll-raw-data-romney-hits-record-high-but-still-tied-with-obama/	Registered Voters	0.51	0.46	0.03
2012-01-11	2012-01-12	CNN	Phone	http://i2.cdn.turner.com/cnn/2012/images/01/13/rel1aa.pdf	Adults	0.49	0.49	0.02
2012-01-08	2012-01-11	Democracy Corps (D)	Phone	http://www.democracycorps.com/wp-content/files/January-National-FQ.pdf	Likely Voters	0.49	0.41	0
2012-01-05	2012-01-08	DailyKos/SEIU/PPP (D)	Automated Phone	http://dailykos.com/weeklypolling/2012/1/5	Registered Voters	0.47	0.49	0.04
2011-12-15	2011-12-18	DailyKos/SEIU/PPP (D)	Automated Phone	http://dailykos.com/weeklypolling/2011/12/15	Registered Voters	0.47	0.5	0.03
2011-12-08	2011-12-12	AP-GfK	Phone	http://surveys.ap.org/data/GfK/AP-GfK%20Poll%20December%202011%20Topline_Obama.pdf	Adults	0.53	0.46	0.01
2011-12-07	2011-12-11	ABC/Post	Phone	http://www.washingtonpost.com/wp-srv/politics/polls/postabcpoll_121111.html	Adults	0.48	0.49	0.03
2011-12-07	2011-12-11	NBC/WSJ	Phone	http://msnbcmedia.msn.com/i/MSNBC/Sections/NEWS/A_Politics/_Today_Stories_Teases/111213DecNBCWSJpoll.pdf	Adults	0.45	0.42000000000000004	0.13
2011-12-07	2011-12-11	DailyKos/SEIU/PPP (D)	Automated Phone	http://www.dailykos.com/weeklypolling/2011/12/8	Registered Voters	0.46	0.49	0.05
2011-12-01	2011-12-04	DailyKos/SEIU/PPP (D)	Automated Phone	http://elections.dailykos.com/weeklypolling/2011/12/1	Registered Voters	0.49	0.46	0.05
2011-11-17	2011-11-20	DailyKos/SEIU/PPP (D)	Automated Phone	http://elections.dailykos.com/weeklypolling/2011/11/17	Registered Voters	0.47	0.48	0.05
2011-11-14	2011-11-20	Quinnipiac	Phone	http://www.quinnipiac.edu/x1295.xml?ReleaseID=1676	Registered Voters	0.47	0.46	0.08
2011-11-09	2011-11-14	Pew	Phone	http://www.people-press.org/files/legacy-pdf/11-17-11%20Politics%20Release.pdf	Adults	0.52	0.45	0.03
2011-11-10	2011-11-13	DailyKos/SEIU/PPP (D)	Automated Phone	http://dailykos.com/weeklypolling/2011/11/10	Registered Voters	0.47	0.48	0.05
2011-11-08	2011-11-10	Marist/McClatchy	Phone	http://maristpoll.marist.edu/wp-content/misc/usapolls/US111108/Obama/Complete%20November%2016,%202011%20USA%20McClatchy-Marist%20Poll%20Release%20and%20Tables.pdf	Registered Voters	0.47	0.49	0.04
2011-11-03	2011-11-06	DailyKos/SEIU/PPP (D)	Automated Phone	http://dailykos.com/weeklypolling/2011/11/3	Registered Voters	0.46	0.51	0.03
2011-11-02	2011-11-05	NBC/WSJ	Phone	http://msnbcmedia.msn.com/i/MSNBC/Sections/NEWS/A_Politics/November_Poll.pdf	Adults	0.46	0.39	0.15
2011-10-30	2011-11-02	Resurgent Republic (R)	Phone	http://www.resurgentrepublic.com/system/assets/436/original/RR_Nov_2011_Year_Out_Toplines.pdf	Registered Voters	0.51	0.45	0.04
2011-10-25	2011-10-31	Quinnipiac	Phone	http://www.quinnipiac.edu/x1295.xml?ReleaseID=1669	Registered Voters	0.49	0.46	0.04
2011-10-27	2011-10-30	DailyKos/SEIU/PPP (D)	Automated Phone	http://dailykos.com/weeklypolling/2011/10/27	Registered Voters	0.44	0.51	0.04
2011-10-23	2011-10-25	FOX	Phone	http://www.foxnews.com/interactive/politics/2011/10/26/fox-news-poll-gop-primary-voters-get-on-cain-train/	Registered Voters	0.48	0.48	0.03
2011-10-20	2011-10-23	DailyKos/SEIU/PPP (D)	Automated Phone	http://dailykos.com/weeklypolling/2011/10/20	Registered Voters	0.47	0.49	0.04
2011-10-15	2011-10-18	Democracy Corps (D)/Center for American Progress	Phone	http://big.assets.huffingtonpost.com/PoliticalFQDCorps101811.pdf	Likely Voters	0.45	0.45	0
2011-10-13	2011-10-17	AP-GfK	Phone	http://surveys.ap.org/data/GfK/AP-GfK%20Poll%20October%202011%20Topline%20FINAL_2012.pdf	Adults	0.54	0.44	0.02
2011-10-13	2011-10-16	DailyKos/SEIU/PPP (D)	Automated Phone	http://dailykos.com/weeklypolling/2011/10/13	Registered Voters	0.49	0.47	0.04
2011-10-06	2011-10-10	NBC/WSJ	Phone	http://msnbcmedia.msn.com/i/MSNBC/Sections/NEWS/A_Politics/October_Poll.pdf	Adults	0.46	0.4	0.14
2011-10-06	2011-10-09	DailyKos/SEIU/PPP (D)	Automated Phone	http://dailykos.com/weeklypolling/2011/10/6	Registered Voters	0.5	0.47	0.04
2011-09-27	2011-10-03	Quinnipiac	Phone	http://www.quinnipiac.edu/x1295.xml?ReleaseID=1656	Registered Voters	0.42	0.53	0.06
2011-09-23	2011-09-25	CNN	Phone	http://politicalticker.blogs.cnn.com/2011/09/26/cnn-poll-perry-still-at-top-but-romney-stronger-vs-obama/	Adults	0.53	0.45	0.02
2011-09-22	2011-09-25	DailyKos/SEIU/PPP (D)	Automated Phone	http://dailykos.com/weeklypolling/2011/9/22	Registered Voters	0.44	0.52	0.04
2011-09-15	2011-09-18	DailyKos/SEIU/PPP (D)	Automated Phone	http://dailykos.com/weeklypolling/2011/9/29	Registered Voters	0.44	0.52	0.05
2011-09-15	2011-09-18	DailyKos/SEIU/PPP (D)	Automated Phone	http://dailykos.com/weeklypolling/2011/9/15	Registered Voters	0.46	0.5	0.04
2011-09-10	2011-09-15	CBS/Times	Phone	http://www.cbsnews.com/stories/2011/09/16/politics/main20107599.shtml	Adults	0.39	0.42	0.19
2011-09-13	2011-09-14	Marist/McClatchy	Phone	http://maristpoll.marist.edu/wp-content/misc/usapolls/US110913/Obama_Congress_Jobs/Complete%20September%2020,%202011%20USA%20McClatchy-Marist%20Poll%20Release%20and%20Tables.pdf	Registered Voters	0.46	0.48	0.05
2011-09-09	2011-09-12	Bloomberg	Phone	http://media.bloomberg.com/bb/avfile/rcBTdobXyUWg	Adults	0.5	0.47	0.03
2011-09-08	2011-09-11	DailyKos/SEIU/PPP (D)	Automated Phone	http://dailykos.com/weeklypolling/2011/9/8	Registered Voters	0.48	0.49	0.04
2011-09-03	2011-09-06	YouGov/Economist	Internet	http://big.assets.huffingtonpost.com/20110906econToplines.pdf	Adults	0.46	0.46	0.08
2011-08-28	2011-09-01	Politico/GWU/Battleground	Phone	http://www.politico.com/static/PPM170_090611_battlegroundpoll_results.html	Likely Voters	0.49	0.46	0.04
2011-08-28	2011-08-31	Resurgent Republic (R)	Phone	http://www.resurgentrepublic.com/system/assets/428/original/RR_August_Toplines.pdf	Registered Voters	0.5	0.47	0.03
2011-08-27	2011-08-31	NBC/WSJ	Phone	http://msnbcmedia.msn.com/i/MSNBC/Sections/NEWS/A_Politics/_Today_Stories_Teases/Correct_NBCWSJ_poll.pdf	Adults	0.5	0.38	0.12
2011-08-25	2011-08-28	DailyKos/SEIU/PPP (D)	Automated Phone	http://dailykos.com/weeklypolling/2011/8/25	Registered Voters - Democrat	0.45	0.51	0.05
2011-08-16	2011-08-27	Quinnipiac	Phone	http://www.quinnipiac.edu/x1295.xml?ReleaseID=1639	Registered Voters	0.47	0.47	0.06
2011-08-18	2011-08-22	AP-GfK	Phone	http://surveys.ap.org/data/GfK/AP-GfK%20Poll%20Aug%202011%20FINAL%20Topline_ObamaEconomy.pdf	Adults	0.54	0.45	0.02
2011-08-18	2011-08-21	DailyKos/SEIU/PPP (D)	Automated Phone	http://dailykos.com/weeklypolling/2011/8/18	Registered Voters	0.48	0.48	0.04
2011-08-13	2011-08-16	YouGov/Economist	Internet	http://big.assets.huffingtonpost.com/20110816econToplines.pdf	Adults	0.42	0.51	0.08
2011-08-11	2011-08-14	DailyKos/SEIU/PPP (D)	Automated Phone	http://dailykos.com/weeklypolling/2011/8/11	Registered Voters	0.45	0.5	0.05
2011-08-06	2011-08-10	Democracy Corps (D)/Women's Voices. Women Vote.	Phone	http://www.democracycorps.com/wp-content/files/dcor120811fq_WEBSITE.pdf	Likely Voters	0.48	0.42	0
2011-08-07	2011-08-09	FOX	Phone	http://www.foxnews.com/interactive/politics/2011/08/10/fox-news-poll-81011-congressional-approval/	Registered Voters	0.48	0.47	0.05
2011-08-06	2011-08-09	YouGov/Economist	Internet	http://big.assets.huffingtonpost.com/20110809econToplines.pdf	Adults	0.41000000000000003	0.49	0.1
2011-08-04	2011-08-07	DailyKos/SEIU/PPP (D)	Automated Phone	http://dailykos.com/weeklypolling/2011/8/4	Registered Voters	0.51	0.46	0.03
2011-07-30	2011-08-02	YouGov/Economist	Internet	http://big.assets.huffingtonpost.com/20110802econToplines.pdf	Adults	0.45	0.47	0.08
2011-07-28	2011-07-31	DailyKos/SEIU/PPP (D)	Automated Phone	http://dailykos.com/weeklypolling/2011/7/28	Registered Voters	0.5	0.44	0.06
2011-07-21	2011-07-24	DailyKos/SEIU/PPP (D)	Automated Phone	http://dailykos.com/weeklypolling/2011/7/21	Registered Voters	0.49	0.47	0.04
2011-07-14	2011-07-17	DailyKos/SEIU/PPP (D)	Automated Phone	http://dailykos.com/weeklypolling/2011/7/14	Registered Voters	0.45	0.5	0.05
2011-07-07	2011-07-10	DailyKos/SEIU/PPP (D)	Automated Phone	http://dailykos.com/weeklypolling/2011/7/7	Registered Voters	0.49	0.47	0.04
2011-06-23	2011-06-26	DailyKos/SEIU/PPP (D)	Automated Phone	http://dailykos.com/weeklypolling/2011/6/23	Registered Voters	0.47	0.48	0.04
2011-06-15	2011-06-23	Marist/McClatchy	Phone	http://maristpoll.marist.edu/wp-content/misc/usapolls/US110615/Obama/Complete%20June%2028,%202011%20USA%20McClatchy-Marist%20Poll%20Release%20and%20Tables.pdf	Adults	0.5	0.44	0.06
2011-06-18	2011-06-21	Democracy Corps (D)	Phone	http://www.democracycorps.com/wp-content/files/110621-DCorps-FQ-Web.pdf	Likely Voters	0.48	0.41	0
2011-06-16	2011-06-20	AP-GfK	Phone	http://www.ap-gfkpoll.com/pdf/AP-GfK%20Poll%20June%202011%20Topline_Obama%20Economy.pdf	Adults	0.56	0.43	0.01
2011-06-16	2011-06-19	DailyKos/SEIU/PPP (D)	Automated Phone	http://www.dailykos.com/weeklypolling/2011/6/16	Registered Voters	0.5	0.45	0.05
2011-06-09	2011-06-13	NBC/WSJ	Phone	http://msnbcmedia.msn.com/i/MSNBC/Sections/NEWS/A_Politics/_Today_Stories_Teases/11236%20JUNE%20NBC-WSJ%20Final%20Filled-in.pdf	Adults	0.49	0.37	0.14
2011-06-09	2011-06-12	DailyKos/SEIU/PPP (D)	Automated Phone	http://www.dailykos.com/weeklypolling/2011/6/9	Registered Voters	0.51	0.45	0.04
2011-06-02	2011-06-05	DailyKos/SEIU/PPP (D)	Automated Phone	http://www.dailykos.com/weeklypolling/2011/6/2	Registered Voters	0.49	0.46	0.06
2011-05-21	2011-05-25	Democracy Corps (D)/Women's Voices. Women Vote.	Phone	http://www.democracycorps.com/wp-content/files/wvwv052511fq5.pdf	Likely Voters	0.5	0.39	0
2011-05-19	2011-05-22	DailyKos/SEIU/PPP (D)	Automated Phone	http://www.dailykos.com/weeklypolling/2011/5/19	Registered Voters	0.51	0.44	0.05
2011-05-10	2011-05-17	Suffolk	Phone	http://suffolk.edu/46652.html	Likely Voters	0.51	0.42	0.06
2011-05-12	2011-05-15	DailyKos/SEIU/PPP (D)	Automated Phone	http://www.dailykos.com/weeklypolling/2011/5/12	Registered Voters	0.52	0.42	0.05
2011-05-05	2011-05-09	AP-GfK	Phone	http://www.ap-gfkpoll.com/pdf/AP-GfK_Poll_May_Topline_051011_POLITICS.pdf	Adults	0.63	0.36	0.01
2011-05-05	2011-05-08	DailyKos/SEIU/PPP (D)	Automated Phone	http://www.dailykos.com/weeklypolling/2011/5/5	Registered Voters	0.53	0.42	0.05
2011-05-05	2011-05-07	NBC News	Phone	http://msnbcmedia.msn.com/i/MSNBC/Sections/NEWS/A_Politics/_Today_Stories_Teases/11192_MAY_NBC_Poll.pdf	Adults	0.54	0.31	0.15000000000000002
2011-04-28	2011-05-01	DailyKos/SEIU/PPP (D)	Automated Phone	http://dailykos.com/weeklypolling/2011/4/28	Registered Voters	0.49	0.47	0.05
2011-04-25	2011-04-27	FOX	Phone	http://www.scribd.com/full/54158725?access_key=key-26pckzzekc16xems5954	Registered Voters	0.53	0.44	0.03
2011-04-21	2011-04-24	DailyKos/SEIU/PPP (D)	Automated Phone	http://www.dailykos.com/weeklypolling/2011/4/21	Registered Voters - Democrat	0.46	0.49	0.05
2011-04-16	2011-04-19	YouGov/Economist	Internet	http://cdn.yougov.com/downloads/releases/econ/20110416_econToplines.pdf	Adults	0.47	0.48	0.06
2011-04-14	2011-04-17	DailyKos/SEIU/PPP (D)	Automated Phone	http://www.dailykos.com/weeklypolling/2011/4/14	Registered Voters	0.48	0.47	0.06
2011-04-14	2011-04-17	ABC/Post	Phone	http://www.washingtonpost.com/wp-srv/politics/polls/postpoll_04172011.html	Adults	0.52	0.45	0.02
2011-04-10	2011-04-14	Marist/McClatchy	Phone	http://maristpoll.marist.edu/wp-content/misc/usapolls/US110410/McClatchy/McClatchy-Marist%20Poll%20Complete%20April%2018th,%202011%20USA%20Poll%20Tables.pdf	Registered Voters	0.48	0.48	0.05
2011-04-10	2011-04-12	Democracy Corps (D)/Campaign For America's Future	Phone	http://www.democracycorps.com/wp-content/files/fq4.pdf	Likely Voters	0.47	0.41	0
2011-04-07	2011-04-10	DailyKos/SEIU/PPP (D)	Automated Phone	http://www.dailykos.com/weeklypolling/2011/4/7	Registered Voters	0.5	0.46	0.04
2011-03-31	2011-04-04	NBC/WSJ	Phone	http://msnbcmedia.msn.com/i/MSNBC/Sections/NEWS/A_Politics/_Today_Stories_Teases/11139%20April%202011%20Filled-in.pdf	Adults	0.5	0.36	0.14
2011-03-31	2011-04-03	DailyKos/SEIU/PPP (D)	Automated Phone	http://www.dailykos.com/weeklypolling/2011/3/31	Registered Voters	0.49	0.47	0.04
2011-03-24	2011-03-28	AP-GfK	Phone	http://www.ap-gfkpoll.com/pdf/AP-GfK%20Poll%20March%20Topline%2003291_POLITICS.pdf	Adults	0.59	0.39	0.01
2011-03-25	2011-03-27	Gallup	Phone	http://www.gallup.com/poll/146891/Hillary-Clinton-Favorable-Near-Time-High.aspx	Adults	0.54	0.43	0.03
2011-03-25	2011-03-27	DailyKos/SEIU/PPP (D)	Automated Phone	http://dailykos.com/weeklypolling/2011/3/25	Registered Voters	0.47	0.47	0.05
2011-03-17	2011-03-20	DailyKos/SEIU/PPP (D)	Automated Phone	http://www.dailykos.com/weeklypolling/2011/3/17	Registered Voters	0.49	0.45	0.06
2011-03-08	2011-03-14	Pew	Phone	http://people-press.org/reports/pdf/720.pdf	Adults	0.58	0.39	0.03
2011-03-10	2011-03-13	DailyKos/SEIU/PPP (D)	Automated Phone	http://www.dailykos.com/weeklypolling/2011/3/10	Registered Voters	0.46	0.48	0.06
2011-03-04	2011-03-07	Bloomberg	Phone	http://media.bloomberg.com/bb/avfile/rNspPKk8OJfA	Adults	0.55	0.41	0.04
2011-03-04	2011-03-06	DailyKos/SEIU/PPP (D)	Automated Phone	http://www.dailykos.com/weeklypolling/2011/3/4	Registered Voters	0.5	0.46	0.03
2011-03-03	2011-03-06	Ipsos/Reuters	Phone	http://www.ipsos-na.com/download/pr.aspx?id=10482	Adults	0.55	0.42	0.03
2011-03-01	2011-03-03	Resurgent Republic (R)	Phone	http://resurgentrepublic.com/system/assets/382/original/RR_March_2011_Toplines.pdf	Registered Voters	0.49	0.47	0.05
2011-02-24	2011-02-28	NBC/WSJ	Phone	http://msnbcmedia.msn.com/i/MSNBC/Sections/NEWS/A_Politics/___Politics_Today_Stories_Teases/2-24-28-11.pdf	Adults	0.49	0.43999999999999995	0.16
2011-02-24	2011-02-27	DailyKos/PPP (D)	Automated Phone	http://www.dailykos.com/weeklypolling/2011/2/24	Registered Voters	0.49	0.44	0.06
2011-02-17	2011-02-20	DailyKos/PPP (D)	Automated Phone	http://www.dailykos.com/weeklypolling/2011/2/17	Registered Voters	0.49	0.46	0.05
2011-02-11	2011-02-13	DailyKos/PPP (D)	Automated Phone	http://www.dailykos.com/weeklypolling/2011/2/11	Likely Voters	0.49	0.46	0.05
2011-02-07	2011-02-09	Democracy Corps (D)	Phone	http://www.democracycorps.com/wp-content/files/dcor020911fq2.dcorps.pdf	Likely Voters	0.53	0.35	0
2011-02-03	2011-02-06	DailyKos/PPP (D)	Automated Phone	http://dailykos.com/weeklypolling/2011/2/3	Likely Voters	0.51	0.45	0.04
2011-01-27	2011-01-30	DailyKos/PPP (D)	Automated Phone	http://www.dailykos.com/weeklypolling/2011/1/27	Likely Voters	0.52	0.44	0.04
2011-01-20	2011-01-23	DailyKos/PPP (D)	Automated Phone	http://www.dailykos.com/weeklypolling/2011/1/20	Registered Voters	0.5	0.45	0.05
2011-01-15	2011-01-19	CBS/Times	Phone	http://www.cbsnews.com/htdocs/pdf/Jan11_Obama.pdf	Adults	0.4	0.34	0.26
2011-01-13	2011-01-17	NBC/WSJ	Phone	http://msnbcmedia.msn.com/i/MSNBC/Sections/NEWS/A_Politics/___Politics_Today_Stories_Teases/11023%20Jan%20NBC-WSJ%20Filled%20in%20beta.pdf	Adults	0.52	0.32	0.16
2011-01-14	2011-01-16	CNN	Phone	http://i2.cdn.turner.com/cnn/2011/images/01/19/rel1g.pdf	Adults	0.56	0.42	0.02
2011-01-14	2011-01-16	DailyKos/PPP (D)	Automated Phone	http://www.dailykos.com/weeklypolling/2011/1/14	Likely Voters	0.49	0.48	0.03
2011-01-12	2011-01-16	Resurgent Republic (R)	Phone	http://www.resurgentrepublic.com/system/assets/354/original/RR_Jan_2011_Toplines_012011.pdf	Registered Voters	0.55	0.41	0.04
2011-01-11	2011-01-14	Gallup	Phone	http://www.gallup.com/poll/145664/Boehner-Favorability-Jumps-Obama-Back-Above.aspx	Adults	0.53	0.45	0.02
2011-01-09	2011-01-12	Democracy Corps (D)/Campaign for America's Future	Phone	http://www.democracycorps.com/wp-content/files/dcor011211fqCAF.pdf	Likely Voters	0.48	0.38	0
2011-01-06	2011-01-10	Marist/McClatchy	Phone	http://maristpoll.marist.edu/wp-content/misc/usapolls/US110106/Obama/Complete%20January%2014,%202011%20USA%20Poll%20Release%20and%20Tables.pdf	Registered Voters	0.53	0.4	0.08
2011-01-05	2011-01-10	AP-GfK	Phone	http://surveys.ap.org/data/GfK/AP-GfK%20Poll%20January%20Topline%20Full%20Final%20011111_POLITICS.pdf	Adults	0.59	0.4	0.01
2011-01-06	2011-01-09	DailyKos/PPP (D)	Automated Phone	http://www.dailykos.com/weeklypolling/2011/1/6	Likely Voters	0.46	0.49	0.05
2010-12-09	2010-12-13	NBC/WSJ	Phone	http://msnbcmedia.msn.com/i/MSNBC/Sections/NEWS/A_Politics/___Politics_Today_Stories_Teases/101770%20Dec%20NBC-WSJ%20Filled%20inV1.pdf	Adults	0.48	0.38	0.14
2010-12-03	2010-12-08	Politico / Penn Schoen Berland	Internet	http://www.politico.com/static/PPM187_politicoreport.html	Adults	0.47	0.48	0.05
2010-12-04	2010-12-07	Bloomberg	Phone	http://media.bloomberg.com/bb/avfile/roCNPdHQmpfc	Adults	0.52	0.44	0.04
2010-12-02	2010-12-05	Ipsos/Reuters	Phone	http://www.ipsos-na.com/download/pr.aspx?id=10229	Adults	0.55	0.43	0.02
2010-11-11	2010-11-15	NBC/WSJ	Phone	http://msnbcmedia.msn.com/i/MSNBC/Sections/NEWS/A_Politics/11-11-5-10.pdf	Adults	0.49	0.39	0.12
2010-11-08	2010-11-15	Quinnipiac	Phone	http://www.quinnipiac.edu/x1295.xml?ReleaseID=1538	Registered Voters	0.48	0.48	0.04
2010-11-08	2010-11-11	Politico / Penn Schoen Berland	Internet	http://www.politico.com/static/PPM182_101115_report_nov.html	Adults	0.45	0.47	0.08
2010-11-03	2010-11-08	AP-GfK	Phone	http://www.ap-gfkpoll.com/pdf/AP-GfK%20Poll%20November%202010%20Topline.pdf	Adults	0.55	0.44	0.01
2010-11-02	2010-11-03	Democracy Corps (D)/Resurgent Republic (R)	Phone	http://www.democracycorps.com/wp-content/files/dcorrr110310fq.pdf	Likely Voters	0.47	0.52	0
2010-10-27	2010-10-30	CNN	Phone	http://politicalticker.blogs.cnn.com/2010/11/04/cnn-poll-obama-vs-palin-in-2012/	Adults	0.48	0.48	0.03
2010-10-23	2010-10-28	FOX	Phone	http://www.foxnews.com/projects/pdf/102910_election_web.pdf	Registered Voters	0.47	0.48	0.05
2010-10-24	2010-10-26	Bloomberg	Phone	http://media.bloomberg.com/bb/avfile/r4ALMAAvZglg	Likely Voters	0.49	0.48	0.03
2010-10-22	2010-10-26	Marist/McClatchy	Phone	http://maristpoll.marist.edu/wp-content/misc/usapolls/US101021/McClatchy/McClatchy_Marist%20Poll_National%20Survey_October%2027,%202010.pdf	Registered Voters	0.54	0.41	0.05
2010-10-23	2010-10-25	Democracy Corps (D)	Phone	http://www.democracycorps.com/wp-content/files/dcor102510fq13.pdf	Likely Voters	0.46	0.44	0
2010-10-17	2010-10-20	GWU/Politico (Lake/Tarrance)	Phone	http://www.tarrance.com/wp-content/uploads/2010/10/BG-42-questionnaire-w-o-gw.pdf	Likely Voters	0.46	0.51	0.04
2010-10-13	2010-10-18	AP-GfK	Phone	http://www.ap-gfkpoll.com/pdf/AP-GfK%20Poll%20October%202010%20full%20topline.pdf	Adults	0.57	0.43	0
2010-10-14	2010-10-17	Gallup	Phone	http://www.gallup.com/poll/143921/Obama-Approval-Rating-New-Low-Recent-Quarter.aspx	Adults	0.47	0.5	0.03
2010-10-07	2010-10-10	Bloomberg	Phone	http://media.bloomberg.com/bb/avfile/r2pmSgPEkof0	Adults	0.53	0.44	0.03
2010-09-17	2010-10-07	AP/Knowledge Networks	Internet	http://surveys.ap.org/data/KnowledgeNetworks/AP_Election_Wave12_Topline_First%20Release.pdf	Adults	0.46	0.44	0.09000000000000001
2010-10-01	2010-10-05	CBS	Phone	http://www.cbsnews.com/stories/2010/10/07/politics/main6937097.shtml?tag=contentMain;contentBody	Registered Voters	0.42	0.39	0.18
2010-10-01	2010-10-05	CBS	Phone	http://www.cbsnews.com/stories/2010/10/07/politics/main6937097.shtml?tag=contentMain;contentBody	Registered Voters - Republican	0.11	0.72	0.16999999999999998
2010-09-30	2010-10-05	Marist/McClatchy	Phone	http://maristpoll.marist.edu/wp-content/misc/usapolls/US100930/Complete%20October%208,%202010%20USA%20Poll%20Release%20and%20Tables.pdf	Registered Voters	0.5	0.47	0.03
2010-10-02	2010-10-04	Democracy Corps (D)	Phone	http://www.democracycorps.com/wp-content/files/dcor100410fq10.pdf	Likely Voters	0.45	0.54	0
2010-09-22	2010-09-26	NBC/WSJ	Phone	http://msnbcmedia.msn.com/i/MSNBC/Sections/NEWS/A_Politics/___Politics_Today_Stories_Teases/Sept_Poll_WSJ_NBC.pdf	Adults	0.47	0.41000000000000003	0.12
2010-09-19	2010-09-22	GWU/Politico (Lake/Tarrance)	Phone	http://www.tarrance.com/wp-content/uploads/2010/09/BG-41-questionnaire.pdf	Likely Voters	0.54	0.45	0.02
2010-09-09	2010-09-16	Politico / Penn Schoen Berland	Internet	http://www.politico.com/static/PPM41_1politico_crosstabs_september_2010.html	Adults	0.48	0.48	0.04
2010-09-07	2010-09-09	GWU/Politico (Lake/Tarrance)	Phone	http://www.tarrance.com/wp-content/uploads/2010/09/BG-40-Questionnaire.pdf	Likely Voters	0.53	0.44	0.03
2010-08-31	2010-09-07	Quinnipiac	Phone	http://www.quinnipiac.edu/x1295.xml?ReleaseID=1496	Registered Voters	0.47	0.45	0.08
2010-09-01	2010-09-02	FOX	Phone	http://www.pollster.com/blogs/us_national_survey_fox_912.php	Registered Voters	0.5	0.46	0.04
2010-08-30	2010-09-02	Democracy Corps (D)	Phone	http://www.democracycorps.com/wp-content/files/dcor090210fq8.pdf	Likely Voters	0.44	0.43	0
2010-08-26	2010-08-30	NBC/WSJ	Phone	http://www.pollster.com/blogs/us_national_survey_nbcwsj_8263.php	Adults	0.46	0.41000000000000003	0.13
2010-08-11	2010-08-16	AP-GfK	Phone	http://surveys.ap.org/data/GfK/AP-GfK%20Poll%20August%20Topline%20Final%20081710%201st%20release.pdf	Adults	0.56	0.43	0.01
2010-08-06	2010-08-11	Politico / Penn Schoen Berland	Internet	http://www.politico.com/static/PPM152_1008013_politicoreport.html	Adults	0.51	0.46	0.04
2010-08-05	2010-08-09	NBC/WSJ	Phone	http://msnbcmedia.msn.com/i/MSNBC/Sections/NEWS/A_Politics/___Politics_Today_Stories_Teases/Aug%20NBC-WSJ%20Filled-in%20_for%208-11-10%20release_.pdf	Adults	0.46	0.41000000000000003	0.13
2010-07-26	2010-07-29	Democracy Corps (D)/CAF	Phone	http://www.democracycorps.com/wp-content/files/cafdcor073010fq7.pdf	Likely Voters	0.46	0.43	0
2010-07-13	2010-07-19	Quinnipiac	Phone	http://www.quinnipiac.edu/x1295.xml?ReleaseID=1478	Registered Voters	0.49	0.45	0.06
2010-07-09	2010-07-14	Politico / Penn Schoen Berland	Internet	http://www.politico.com/static/PPM136_100718_poll_report.html	Adults	0.48	0.47	0.05
2010-07-09	2010-07-12	Bloomberg	Phone	http://media.bloomberg.com/bb/avfile/rWsk89LgYLDA	Adults	0.55	0.4	0.05
2010-07-08	2010-07-11	USA Today/Gallup	Phone	http://www.gallup.com/poll/141485/Bill-Clinton-Popular-Barack-Obama.aspx	Adults	0.52	0.44	0.04
2010-07-03	2010-07-06	YouGov/Economist	Internet	http://www.economist.com/blogs/democracyinamerica/2010/07/polling_0	Adults	0.47000000000000003	0.49	0.04
2010-06-29	2010-06-30	FOX	Phone	http://www.foxnews.com/projects/pdf/ObamaAfghan.pdf	Registered Voters	0.52	0.44	0.04
2010-06-26	2010-06-29	YouGov/Economist	Internet	http://www.economist.com/blogs/democracyinamerica/2010/07/polling	Adults	0.46	0.45999999999999996	0.08
2010-06-17	2010-06-24	Marist College	Phone	http://maristpoll.marist.edu/wp-content/misc/usapolls/US100617/Obama_Oil_Spill/Complete%20June%2030,%202010%20USA%20Poll%20Release%20and%20Tables.pdf	Registered Voters	0.5	0.43	0.07
2010-06-20	2010-06-23	Resurgent Republic (R)	Phone	http://www.resurgentrepublic.com/system/assets/242/original/RR_June_Full_Toplines.pdf	Registered Voters	0.49	0.45	0.05
2010-06-19	2010-06-22	Democracy Corps (D)	Phone	http://www.democracycorps.com/wp-content/files/dcor062210fq6.web_.pdf	Likely Voters	0.49	0.4	0
2010-06-17	2010-06-21	NBC/WSJ	Phone	http://msnbcmedia.msn.com/i/MSNBC/Sections/NEWS/A_Politics/___Politics_Today_Stories_Teases/June_NBC_poll.pdf	Adults	0.47000000000000003	0.4	0.13
2010-06-10	2010-06-13	Pew/National Journal	Phone	http://people-press.org/reports/questionnaires/622.pdf	Adults	0.56	0.39	0.04
2010-05-24	2010-05-25	USA Today/Gallup	Phone	http://www.gallup.com/poll/138092/Obama-Favorability-Similar-Image-Pre-Healthcare-Vote.aspx	Adults	0.54	0.43	0.03
2010-05-20	2010-05-23	NBC/MSNBC/Telemundo	Phone	http://msnbcmedia.msn.com/i/MSNBC/Sections/NEWS/A_Politics/___Politics_Today_Stories_Teases/NMT_final.pdf	Adults	0.47000000000000003	0.38	0.15
2010-05-07	2010-05-11	AP-GfK	Phone	http://surveys.ap.org/data/GfK/AP-GfK%20Poll%20May%202010%20topline_POLITICAL%20for%20posting.pdf	Adults	0.57	0.42	0.01
2010-05-06	2010-05-10	NBC/WSJ	Phone	http://msnbcmedia.msn.com/i/MSNBC/Sections/NEWS/A_Politics/___Politics_Today_Stories_Teases/100512_NBC_WSJ_Poll.pdf	Adults	0.49	0.38	0.13
2010-05-04	2010-05-05	FOX	Phone	http://www.foxnews.com/projects/pdf/051210_electionpoll.pdf	Registered Voters	0.53	0.42	0.04
2010-04-25	2010-04-27	Resurgent Republic (R)	Phone	http://www.resurgentrepublic.com/system/assets/187/original/RR_First_Anniversary_Toplines.pdf	Registered Voters	0.51	0.45	0.04
2010-04-22	2010-04-25	ABC/Post	Phone	http://www.http://www.pollster.com/blogs/us_national_survey_abcpost_422.php.com/blogs/us_tea_party_palin_abcpost_248.php	Adults	0.57	0.41	0.02
2010-04-17	2010-04-20	Democracy Corps (D)	Phone	http://www.democracycorps.com/wp-content/files/dcor042010fq4.web_.pdf	Likely Voters	0.49	0.4	0
2010-04-07	2010-04-12	AP-GfK	Phone	http://surveys.ap.org/data%5CGfK%5CAP-GfK%20Poll%20April%202010%20Release1%20041410.pdf	Adults	0.55	0.44	0.02
2010-04-05	2010-04-12	CBS/Times	Phone	http://www.pollster.com/blogs/us_national_survey_tea_party_c.php?utm_source=feedburner&utm_medium=feed&utm_campaign=Feed%3A+pollster%2Fallcontent+%28Pollster.com+All+Content%29	Adults	0.43	0.33	0.24000000000000002
2010-04-09	2010-04-11	CNN	Phone	http://i2.cdn.turner.com/cnn/2010/images/04/13/rel7d.pdf	Adults	0.57	0.41	0.02
2010-04-05	2010-04-08	GWU (Lake/Tarrance)	Phone	http://www.tarrance.com/wp-content/uploads/2010/04/Battleground-39-Questionnaire.pdf	Likely Voters	0.54	0.42	0.05
2010-04-06	2010-04-07	FOX	Phone	http://www.foxnews.com/projects/pdf/040810_Obama_HC_2010_web.pdf	Registered Voters	0.5	0.45	0.05
2010-03-25	2010-03-29	Marist College	Phone	http://maristpoll.marist.edu/wp-content/misc/usapolls/US100325/Obama_etc_Weds%203.31/Complete%20March%2031,%202010%20USA%20Poll%20Release%20and%20Tables.pdf	Registered Voters	0.53	0.41	0.06
2010-03-20	2010-03-22	YouGov/Economist	Internet	http://www.economist.com/blogs/democracyinamerica/2010/03/polling	Adults	0.46	0.47000000000000003	0.07
2010-03-19	2010-03-22	Bloomberg	Phone	http://media.bloomberg.com/bb/avfile/r4sLY8wVrcjs	Adults	0.53	0.42	0.05
2010-03-16	2010-03-21	Quinnipiac	Phone	http://www.quinnipiac.edu/x1295.xml?ReleaseID=1437	Registered Voters	0.47	0.47	0.05
2010-03-15	2010-03-18	Democracy Corps (D)/Third Way (D)	Phone	http://www.democracycorps.com/wp-content/files/dcor031810_web.pdf	Likely Voters	0.49	0.4	0
2010-03-11	2010-03-14	NBC/WSJ	Phone	http://msnbcmedia.msn.com/i/MSNBC/Sections/NEWS/A_Politics/___Politics_Today_Stories_Teases/10156%20March%20Interview%20Schedule%20Final%202a.pdf	Adults	0.5	0.38	0.12
2010-03-09	2010-03-11	OnMessage (R-RNC)	Phone	http://www.scribd.com/doc/28529330/RNC-Health-Care-Survey-3-17-10	Likely Voters	0.47	0.47	0
2010-03-04	2010-03-08	Pew Economic Policy Group	Phone	http://www.pewfr.org/project_reports_detail?id=0031	Likely Voters	0.52	0.44	0.03
2010-02-20	2010-02-24	Democracy Corps (D)/Third Way (D)	Phone	http://www.democracycorps.com/wp-content/files/dcor022410fq.web_.pdf	Likely Voters	0.48	0.42	0
2010-02-05	2010-02-10	CBS/Times	Phone	http://www.pollster.com/blogs/us_national_survey_cbstimes_25.php	Adults	0.39	0.34	0.14
2010-02-07	2010-02-09	YouGov/Economist	Internet	http://www.economist.com/blogs/democracyinamerica/2010/02/economistyougov_poll	Adults	0.52	0.45	0.03
2010-02-02	2010-02-04	Democracy Corps (D)	Phone	http://www.gqrr.com/articles/2425/5606_cc10020410fq1.pdf	Likely Voters	0.49	0.4	0
2010-02-02	2010-02-03	FOX	Phone	http://www.foxnews.com/projects/pdf/020410_Obama-Washington_web.pdf	Registered Voters	0.51	0.43	0.05
2010-02-01	2010-02-03	Marist College	Phone	http://maristpoll.marist.edu/wp-content/misc/usapolls/US100201/Obama/Complete%20February%208,%202010%20USA%20Poll%20Release%20and%20Tables.pdf	Registered Voters	0.5	0.44	0.06
2010-01-23	2010-01-25	NBC/WSJ	Phone	http://msnbcmedia.msn.com/i/MSNBC/Sections/NEWS/A_Politics/___Politics_Today_Stories_Teases/10049NBCWSJ.pdf	Adults	0.52	0.34	0.14
2010-01-12	2010-01-15	ABC/Post	Phone	http://www.pollster.com/blogs/us_national_survey_abcpost_112.php	Adults	0.58	0.4	0.02
2010-01-10	2010-01-14	NBC/WSJ	Phone	http://www.pollster.com/blogs/us_national_survey_nbcwsj_1101.php	Adults	0.52	0.35	0.13
2010-01-06	2010-01-12	YouGov/Economist	Internet	http://www.economist.com/blogs/democracyinamerica/2010/01/obamas_first_year_charts_and_graphs	Adults	0.51	0.42	0.07
2010-01-07	2010-01-11	Democracy Corps (D)	Phone	http://www.democracycorps.com/wp-content/files/dcor011110fq1.web2_.pdf	Likely Voters	0.5	0.37	0
2009-12-11	2009-12-14	NBC/WSJ	Phone	http://www.pollster.com/blogs/us_national_survey_nbcwsj_1211.php	Adults	0.5	0.44	0.13
2009-12-11	2009-12-13	USA Today/Gallup	Phone	http://www.gallup.com/poll/124736/Palin-Favorable-Up-Slightly-Obama-Holds-Steady.aspx	Adults	0.56	0.42	0.02
2009-12-06	2009-12-10	GWU (Lake/Tarrance)	Phone	http://www.tarrance.com/Battleground-38-Questionnaire.pdf	Likely Voters	0.57	0.4	0.03
2009-12-03	2009-12-07	Bloomberg	Phone	http://media.bloomberg.com/bb/avfile/rkt5pqJYr5tM	Adults	0.58	0.38	0.04
2009-12-02	2009-12-07	Marist College	Phone	http://maristpoll.marist.edu/wp-content/misc/usapolls/us091202/Obama_Economy/Complete%20December%208th%202009%20USA%20Poll%20Release%20and%20Tables.pdf	Registered Voters	0.55	0.41	0.04
2009-11-24	2009-11-24	Rasmussen	Automated Phone	http://www.rasmussenreports.com/public_content/politics/elections2/election_2012/toplines/toplines_lou_dobbs_november_24_2009	Likely Voters	0.48	0.51	0.01
2009-11-17	2009-11-18	FOX	Phone	http://www.pollster.com/blogs/us_national_survey_fox_111718.php	Registered Voters	0.54	0.42	0.04
2009-11-12	2009-11-16	Democracy Corps (D)	Phone	http://www.democracycorps.com/wp-content/files/dcor111609fq12.web2_.pdf	Likely Voters	0.5	0.36	0
2009-11-09	2009-11-16	Quinnipiac	Phone	http://www.quinnipiac.edu/x1295.xml?ReleaseID=1398	Registered Voters	0.5	0.38	0.11
2009-11-12	2009-11-15	ABC/Post	Phone	http://www.pollster.com/blogs/us_national_survey_abcpost_111.php	Adults	0.61	0.38	0.01
2009-10-22	2009-10-25	NBC/WSJ	Phone	http://www.pollster.com/blogs/us_national_survey_nbcwsj_1022.php	Adults	0.56	0.32999999999999996	0.11
2009-10-16	2009-10-19	USA Today/Gallup	Phone	http://www.usatoday.com/news/washington/2009-10-22-michelle-obama-poll_N.htm	Adults	0.55	0.42	0
2009-10-16	2009-10-18	CNN	Phone	http://www.pollster.com/blogs/us_national_survey_cnn_101618.php	Adults	0.6	0.39	0.01
2009-10-13	2009-10-14	FOX	Phone	http://www.foxnews.com/projects/pdf/101509_poll1.pdf	Registered Voters	0.55	0.41	0.04
2009-09-29	2009-10-05	Quinnipiac	Phone	http://www.quinnipiac.edu/x1295.xml?ReleaseID=1381	Registered Voters	0.53	0.37	0.1
2009-10-01	2009-10-04	Gallup	Phone	http://www.gallup.com/poll/123665/Hillary-Clinton-More-Popular-Barack-Obama.aspx	Adults	0.56	0.4	0.04
2009-09-17	2009-09-20	NBC/WSJ	Phone	http://www.pollster.com/blogs/us_national_survey_nbcwsj_9172.php	Adults	0.56	0.33	0.11
2009-09-12	2009-09-16	Democracy Corps (D)	Phone	http://www.democracycorps.com/strategy/2009/09/health-care-speech-brings-small-rebound-for-democrats-and-serious-problems-for-republicans/	Likely Voters	0.53	0.34	0
2009-09-10	2009-09-14	Bloomberg	Phone	http://www.bloomberg.com/apps/news?pid=20601070&sid=a1aj4z4GhbH8	Adults	0.61	0.36	0.03
2009-09-10	2009-09-12	ABC/Post	Phone	http://www.pollster.com/blogs/us_health_care_abcpost_91012.php	Adults	0.63	0.35	0.02
2009-09-10	2009-09-10	OnMessage (R-RNC)	Phone	http://www.pollster.com/blogs/us_national_survey_onmessage_8.php	Likely Voters	0.53	0.42	0
2009-08-30	2009-09-01	Democracy Corps (D)	Phone	http://www.pollster.com/blogs/us_national_survey_demcorps_83.php	Likely Voters	0.53	0.35	0
2009-08-30	2009-09-01	YouGov/Economist	Internet	http://www.economist.com/blogs/democracyinamerica/2009/09/this_weeks_economistyougov_pol_13.cfm	Adults	0.51	0.42	0.06
2009-08-24	2009-08-31	Zogby (Internet)	Internet	http://www.zogby.com/news/ReadNews.cfm?ID=1737	Likely Voters	0.5	0.48	0
2009-08-23	2009-08-25	YouGov/Economist	Internet	http://www.economist.com/blogs/democracyinamerica/2009/08/this_weeks_economistyougov_pol_12.cfm	Adults	0.49	0.45	0.06
2009-08-16	2009-08-18	YouGov/Economist	Internet	http://www.economist.com/blogs/democracyinamerica/2009/08/this_weeks_economistyougov_pol_11.cfm	Adults	0.52	0.44	0.04
2009-08-09	2009-08-11	YouGov/Economist	Internet	http://www.economist.com/blogs/democracyinamerica/2009/08/this_weeks_economistyougov_pol_10.cfm	Adults	0.53	0.41000000000000003	0.06
2009-07-31	2009-08-04	Zogby (Phone)	Phone	http://www.zogby.com/news/ReadNews.cfm?ID=1728	Likely Voters	0.62	0.37	0
2009-07-31	2009-08-03	CNN	Phone	http://politicalticker.blogs.cnn.com/2009/08/06/cnn-poll-obama-approval-drops-10-points-over-last-100-days/	Adults	0.64	0.34	0.02
2009-07-24	2009-07-28	CBS/Times	Phone	http://www.pollster.com/blogs/us_national_survey_cbstimes_72.php	Adults	0.5	0.23	0.27
2009-07-24	2009-07-27	NBC/WSJ	Phone	http://www.pollster.com/blogs/us_national_survey_nbcwsj_7242.php	Adults	0.55	0.34	0.11
2009-07-22	2009-07-26	Democracy Corps (D)	Phone	http://www.democracycorps.com/strategy/2009/08/national-survey-10/	Likely Voters	0.56	0.33	0
2009-07-19	2009-07-23	GWU (Lake/Tarrance)	Phone	http://www.tarrance.com/BG-37-questionnaire.pdf	Likely Voters	0.61	0.36	0.03
2009-07-21	2009-07-22	FOX	Phone	http://www.foxnews.com/projects/pdf/072309_poll.pdf	Registered Voters	0.62	0.33	0.05
2009-07-09	2009-07-13	Diageo/Hotline	Phone	http://www.diageohotlinepoll.com/documents/diageohotlinepoll/FDDiageoHotlinePollJulyRelease_071509.pdf	Registered Voters	0.58	0.37	0.05
2009-07-10	2009-07-12	USA Today/Gallup	Phone	http://www.gallup.com/poll/121850/Biden-Favorability-Trails-Obama-Recent-VPs.aspx	Adults	0.66	0.33	0
2009-06-23	2009-06-29	Quinnipiac	Phone	http://www.quinnipiac.edu/x1295.xml?ReleaseID=1345	Registered Voters	0.58	0.3	0.12000000000000001
2009-06-19	2009-06-22	Democracy Corps (D)	Phone	http://www.democracycorps.com/strategy/2009/06/creating-a-sustainable-majority-for-health-care-reform/	Likely Voters	0.58	0.3	0
2009-06-12	2009-06-15	NBC/WSJ	Phone	http://www.pollster.com/blogs/us_national_survey_nbcwsj_6121.php	Adults	0.6	0.29000000000000004	0.11
2009-06-10	2009-06-14	Pew	Phone	http://people-press.org/report/522/	Adults	0.72	0.25	0.03
2009-06-09	2009-06-10	FOX	Phone	http://www.foxnews.com/projects/pdf/061109_Obama,_econ,_GM_web.pdf	Registered Voters	0.64	0.3	0.06
2009-06-04	2009-06-07	Diageo/Hotline	Phone	http://www.diageohotlinepoll.com/documents/diageohotlinepoll/FDDiageoHotlineJuneToplineFORRELEASE061009.pdf	Registered Voters	0.67	0.29	0.12
2009-05-28	2009-06-01	Democracy Corps (D)	Phone	http://www.democracycorps.com/wp-content/files/dcor060109fq7-web.pdf	Likely Voters	0.58	0.29	0
2009-05-29	2009-05-31	USA Today/Gallup	Phone	http://www.pollster.com/blogs/us_national_survey_usatoday529.php	Adults	0.67	0.32	0.01
2009-05-10	2009-05-12	Democracy Corps (D)	Phone	http://www.gqrr.com/index.php?ID=2353	Likely Voters	0.6	0.28	0
2009-04-21	2009-04-27	Quinnipiac	Phone	http://www.quinnipiac.edu/x1284.xml?ReleaseID=1291&What=&strArea=;&strTime=120	Registered Voters	0.58	0.27	0.14
2009-04-23	2009-04-26	Diageo/Hotline	Phone	http://www.pollster.com/blogs/us_national_survey_hotline4232.php	Registered Voters	0.64	0.31	0.03
2009-04-23	2009-04-26	NBC/WSJ	Phone	http://online.wsj.com/public/resources/documents/WSJ_NewsPoll_042809.pdf	Adults	0.64	0.23	0.13
2009-04-23	2009-04-26	CNN	Phone	http://www.pollster.com/CNN090426.pdf	Adults	0.69	0.29	0.02
2009-04-22	2009-04-26	Democracy Corps (D)	Phone	http://www.democracycorps.com/strategy/2009/04/as-specter-leaves-the-gop-new-surveys-show-republicans-in-disarray/	Likely Voters	0.61	0.26	0
2009-04-22	2009-04-26	CBS/Times	Phone	http://documents.nytimes.com/new-york-times-cbs-news-poll-obama-s-100th-day-in-office	Adults	0.54	0.18	0.27
2009-04-21	2009-04-24	ABC/Post	Phone	http://www.washingtonpost.com/wp-srv/politics/polls/postpoll_042609.html	Adults	0.72	0.26	0.02
2009-04-22	2009-04-23	FOX	Phone	http://www.foxnews.com/projects/pdf/042409_poll.pdf	Registered Voters	0.68	0.27	0.05
2009-04-14	2009-04-21	Pew	Phone	http://people-press.org/report/509/obama-at-100-days	Adults	0.73	0.24	0.03
2009-04-13	2009-04-16	Resurgent Republic (R)	Phone	http://www.resurgentrepublic.com/system/assets/7/original/RR_April_09_Toplines.pdf	Registered Voters	0.61	0.32	0.07
2009-03-31	2009-04-01	FOX	Phone	http://www.foxnews.com/projects/pdf/040209_FNCPoll.pdf	Registered Voters	0.62	0.32	0.06
2009-03-24	2009-03-30	Quinnipiac	Phone	http://www.quinnipiac.edu/x1295.xml?ReleaseID=1282	Registered Voters	0.59	0.26	0.15
2009-03-27	2009-03-29	USA Today/Gallup	Phone	http://content.usatoday.com/communities/theoval/post/2009/03/64841747/1	Adults	0.69	0.28	0.03
2009-03-26	2009-03-29	Diageo/Hotline	Phone	http://www.pollster.com/blogs/us_national_survey_hotline3262.php	Registered Voters	0.64	0.3	0.060000000000000005
2009-03-25	2009-03-29	Democracy Corps (D)	Phone	http://www.democracycorps.com/wp-content/files/dc10032909fq4.pdf	Likely Voters	0.61	0.27	0
2009-03-04	2009-03-08	Democracy Corps (D)	Phone	http://www.democracycorps.com/strategy/2009/03/rush-limbaugh-weighs-down-heavily-on-republicans/?section=Survey	Likely Voters	0.59	0.27	0
2009-03-04	2009-03-05	Newsweek	Phone	http://www.newsweek.com/id/188005	Adults	0.72	0.22	0.06
2009-02-28	2009-03-02	Diageo/Hotline	Phone	http://www.pollster.com/blogs/us_national_survey_hotline2283.php	Registered Voters	0.68	0.27	0.05
2009-02-26	2009-03-01	NBC/WSJ	Phone	http://msnbcmedia.msn.com/i/MSNBC/Sections/090303_NBC-WSJ_poll.pdf	Adults	0.6799999999999999	0.19	0.13
2009-02-17	2009-02-18	FOX	Phone	http://www.foxnews.com/projects/pdf/021909_FNCPoll.pdf	Registered Voters	0.68	0.25	0.07
2009-02-09	2009-02-10	Democracy Corps (D)	Phone	http://www.democracycorps.com/wp-content/files/dc10021009fq2web.pdf	Likely Voters	0.6	0.23	0
2009-01-26	2009-01-29	Democracy Corps (D)	Phone	http://www.democracycorps.com/wp-content/files/dc10012909fq1sperling.pdf	Likely Voters	0.62	0.2	0
2009-01-21	2009-01-24	Diageo/Hotline	Phone	http://www.pollster.com/blogs/us_obama_stimulus_hotline12124.php	Registered Voters	0.76	0.15	0.1
2009-01-13	2009-01-16	ABC/Post	Phone	http://www.washingtonpost.com/wp-srv/politics/documents/postpoll011709.html	Adults	0.79	0.18	0.03
2009-01-12	2009-01-15	CNN	Phone	http://www.cnn.com/2009/POLITICS/01/18/poll.obama.rating/index.html?iref=newssearch	Adults	0.78	0.17	0.05
2009-01-11	2009-01-15	CBS/Times	Phone	http://graphics8.nytimes.com/packages/pdf/politics/20090118_poll_results.pdf	Adults	0.6	0.09	0.3
2009-01-13	2009-01-14	FOX	Phone	http://www.foxnews.com/projects/pdf/011509_poll.pdf	Registered Voters	0.76	0.15	0.09
2009-01-09	2009-01-12	NBC/WSJ	Phone	http://msnbcmedia.msn.com/i/msnbc/sections/news/090114_NBC-WSJ_FullPoll.pdf	Adults	0.66	0.14	0.2
2009-01-09	2009-01-11	USA Today/Gallup	Phone	http://www.pollster.com/blogs/2009_01_09%20Topline.pdf	Adults	0.78	0.18	0.05
2009-01-07	2009-01-11	Pew	Phone	http://people-press.org/reports/	Adults	0.79	0.15	0.06
2009-01-06	2009-01-08	Zogby (Internet)	Internet	http://www.zogby.com/news/ReadNews.cfm?ID=1659	Likely Voters	0.6	0.37	0.04
2009-01-03	2009-01-05	Gallup	Phone	http://www.gallup.com/poll/111772/Gallup-Daily-Obama-Favorability.aspx	Adults	0.72	0.19	0
2008-12-28	2009-01-02	Gallup	Phone	http://www.gallup.com/poll/111772/Gallup-Daily-Obama-Favorability.aspx	Adults	0.74	0.16	0
2008-12-27	2008-12-29	Allstate/Politico	Phone	http://www.politico.com/static/PPM104_090107_politicoallstatepoll.html	Adults	0.63	0.18	0.19
2008-12-22	2008-12-27	Gallup	Phone	http://www.gallup.com/poll/111772/Gallup-Daily-Obama-Favorability.aspx	Adults	0.71	0.19	0
2008-12-19	2008-12-21	Gallup	Phone	http://www.gallup.com/poll/111772/Gallup-Daily-Obama-Favorability.aspx	Adults	0.71	0.21	0
2008-12-16	2008-12-18	Democracy Corps (D)	Phone	http://www.democracycorps.com/wp-content/files/dcor121808fq24.pdf	Likely Voters	0.54	0.26	0
2008-12-16	2008-12-18	Gallup	Phone	http://www.gallup.com/poll/111772/Gallup-Daily-Obama-Favorability.aspx	Adults	0.72	0.19	0
2008-12-13	2008-12-15	Gallup	Phone	http://www.gallup.com/poll/111772/Gallup-Daily-Obama-Favorability.aspx	Adults	0.71	0.2	0
2008-12-10	2008-12-12	Gallup	Phone	http://www.gallup.com/poll/111772/Gallup-Daily-Obama-Favorability.aspx	Adults	0.73	0.19	0
2008-12-09	2008-12-10	FOX	Phone	http://www.foxnews.com/projects/pdf/121108_poll1.pdf	Registered Voters	0.68	0.24	0.08
2008-12-07	2008-12-09	Gallup	Phone	http://www.gallup.com/poll/111772/Gallup-Daily-Obama-Favorability.aspx	Adults	0.71	0.19	0
2008-12-05	2008-12-08	NBC/WSJ	Phone	http://msnbcmedia.msn.com/i/msnbc/sections/news/081210_NBC-WSJ_FullPoll.pdf	Adults	0.67	0.16	0.16999999999999998
2008-12-04	2008-12-06	Gallup	Phone	http://www.gallup.com/poll/111772/Gallup-Daily-Obama-Favorability.aspx	Adults	0.69	0.22	0
2008-12-01	2008-12-03	Gallup	Phone	http://www.gallup.com/poll/111772/Gallup-Daily-Obama-Favorability.aspx	Adults	0.7	0.2	0
2008-12-01	2008-12-02	CNN	Phone	http://www.cnn.com/2008/POLITICS/12/09/Obama.poll/	Adults	0.76	0.21	0.03
2008-11-28	2008-11-30	Gallup	Phone	http://www.gallup.com/poll/111772/Gallup-Daily-Obama-Favorability.aspx	Adults	0.7	0.2	0
2008-11-24	2008-11-26	Gallup	Phone	http://www.gallup.com/poll/111772/Gallup-Daily-Obama-Favorability.aspx	Adults	0.71	0.22	0
2008-11-21	2008-11-23	Gallup	Phone	http://www.gallup.com/poll/111772/Gallup-Daily-Obama-Favorability.aspx	Adults	0.67	0.24	0
2008-11-19	2008-11-23	Democracy Corps (D)	Phone	http://www.democracycorps.com/wp-content/files/dcor112408.pdf	Likely Voters	0.59	0.28	0
2008-11-12	2008-11-14	Gallup	Phone	http://www.gallup.com/poll/111772/Gallup-Daily-Obama-Favorability.aspx	Adults	0.68	0.26	0
2008-11-09	2008-11-11	Gallup	Phone	http://www.gallup.com/poll/111772/Gallup-Daily-Obama-Favorability.aspx	Adults	0.69	0.23	0
2008-11-06	2008-11-10	Quinnipiac	Phone	http://www.quinnipiac.edu/x1295.xml?ReleaseID=1228	Registered Voters	0.67	0.19	0.14
2008-11-07	2008-11-09	USA Today/Gallup	Phone		Adults	0.68	0.27	0.04
2008-11-06	2008-11-09	CNN	Phone	http://www.pollster.com/blogs/cnn_national_survey_1169.php	Adults	0.75	0.22	0.03
2008-11-05	2008-11-09	Rasmussen	Automated Phone	http://www.rasmussenreports.com/public_content/politics/obama_administration/daily_presidential_approval_index	Likely Voters	0.56	0.4	0.04
2008-11-06	2008-11-08	Gallup	Phone	http://www.gallup.com/poll/111772/Gallup-Daily-Obama-Favorability.aspx	Adults	0.7	0.25	0
2008-11-04	2008-11-05	Democracy Corps (D)	Phone	http://www.democracycorps.com/download.php?attachment=dcor110508fq1.pdf	Registered Voters	0.57	0.35	0
2008-11-03	2008-11-05	Gallup	Phone	http://www.gallup.com/poll/111772/Gallup-Daily-Obama-Favorability.aspx	Adults	0.61	0.33	0
2008-11-01	2008-11-02	FOX	Phone	http://www.foxnews.com/projects/pdf/110308_poll.pdf	Likely Voters	0.59	0.38	0.03
2008-11-01	2008-11-02	NBC/WSJ	Phone	http://msnbcmedia.msn.com/i/msnbc/sections/news/081103_NBC-WSJ_Poll.pdf	Likely Voters	0.56	0.35	0.09
2008-10-31	2008-11-02	Gallup	Phone	http://www.gallup.com/	Adults	0.62	0.34	0
2008-10-31	2008-11-02	CBS	Phone	http://www.cbsnews.com/htdocs/pdf/Oct08i-all-Monday.pdf	Likely Voters	0.5	0.35	0
2008-10-30	2008-11-02	ABC/Post	Phone	http://www.washingtonpost.com/wp-srv/politics/documents/postpoll_110308.html	Likely Voters	0.63	0.33	0.04
2008-10-30	2008-11-02	Democracy Corps (D)	Phone	http://www.pollster.com/blogs/us_obama_51_mccain_44_demcorps.php	Likely Voters	0.54	0.39	0
2008-10-27	2008-11-02	Rasmussen	Automated Phone	http://www.rasmussenreports.com/public_content/politics/obama_administration/daily_presidential_approval_index	Likely Voters	0.55	0.44	0.0
2008-10-30	2008-11-01	CNN	Phone	http://www.pollster.com/blogs/us_obama_53_mccain_46_cnn10301.php	Likely Voters	0.6	0.39	0.01
2008-10-28	2008-10-29	FOX	Phone	http://www.foxnews.com/projects/pdf/103008_poll.pdf	Likely Voters	0.56	0.4	0.03
2008-10-25	2008-10-29	CBS/Times	Phone	http://www.nytimes.com/packages/pdf/politics/oct08e.trn.pdf	Likely Voters	0.51	0.34	0.15
2008-10-17	2008-10-27	AP/Yahoo/KN	Internet	http://surveys.ap.org/data/KnowledgeNetworks/AP_Election_Wave9_Topline_102708.pdf	Adults	0.55	0.4	0.05
2008-10-20	2008-10-26	Rasmussen	Automated Phone	http://www.rasmussenreports.com/public_content/politics/obama_administration/daily_presidential_approval_index	Likely Voters	0.57	0.42	0.02
2008-10-22	2008-10-23	Newsweek	Phone	http://www.pollster.com/blogs/us_obama_53_mccain_41_newsweek.php	Likely Voters	0.62	0.32	0.06
2008-10-21	2008-10-23	Democracy Corps (D)	Phone	http://www.pollster.com/blogs/us_obama_52_mccain_43_demcorps.php	Likely Voters	0.52	0.4	0
2008-10-19	2008-10-22	CBS/Times	Phone	http://graphics8.nytimes.com/packages/pdf/politics/oct08d.trn.pdf	Likely Voters	0.52	0.31	0.16999999999999998
2008-10-20	2008-10-21	FOX	Phone	http://www.foxnews.com/projects/pdf/102208_poll.pdf	Likely Voters	0.6	0.35	0.04
2008-10-17	2008-10-20	NBC/WSJ	Phone	http://msnbcmedia.msn.com/i/msnbc/sections/news/081021_NBC-WSJ_Poll_Full.pdf	Registered Voters	0.5700000000000001	0.33999999999999997	0.09
2008-10-17	2008-10-19	CNN	Phone	http://politicalticker.blogs.cnn.com/	Likely Voters	0.62	0.35	0.03
2008-10-16	2008-10-19	Pew	Phone	http://people-press.org/report/462/obamas-lead-widens	Likely Voters	0.66	0.28	0.06
2008-10-15	2008-10-19	Democracy Corps (D)	Phone	http://www.pollster.com/blogs/demcorps_us_ga_101519.php	Likely Voters	0.5	0.4	0
2008-10-13	2008-10-19	Rasmussen	Automated Phone	http://www.rasmussenreports.com/public_content/politics/obama_administration/daily_presidential_approval_index	Likely Voters	0.55	0.44	0.02
2008-10-10	2008-10-13	CBS/Times	Phone	http://graphics8.nytimes.com/packages/pdf/politics/20081015_POLL.pdf	Likely Voters	0.5	0.32	0.16999999999999998
2008-10-03	2008-10-13	AP/Yahoo/KN	Internet	http://surveys.ap.org/data/KnowledgeNetworks/AP_Election_Wave8_Topline_101308_LV.pdf	Adults	0.52	0.43	0.05
2008-10-10	2008-10-12	USA Today/Gallup	Phone	http://www.pollster.com/blogs/us_obama_52_mccain_45_usa_toda.php	Likely Voters	0.62	0.35	0.02
2008-10-08	2008-10-12	Democracy Corps (D)	Phone	http://www.democracycorps.com/strategy/2008/10/national-survey-5/	Likely Voters	0.53	0.38	0
2008-10-06	2008-10-12	Rasmussen	Automated Phone	http://www.rasmussenreports.com/public_content/politics/obama_administration/daily_presidential_approval_index	Likely Voters	0.56	0.42	0.02
2008-10-08	2008-10-11	ABC/Post	Phone	http://www.pollster.com/blogs/us_obama_53_mccain_43_abcpost1.php	Likely Voters	0.65	0.32	0.03
2008-10-08	2008-10-09	Newsweek	Phone	http://www.pollster.com/blogs/us_obama_52_mccain_41_newsweek.php	Registered Voters	0.6	0.36	0.04
2008-10-08	2008-10-09	FOX	Phone	http://www.pollster.com/blogs/us_obama_46_mccain_39_fox1089.php	Registered Voters	0.6	0.34	0.07
2008-10-04	2008-10-05	NBC/WSJ	Phone	http://msnbcmedia.msn.com/i/msnbc/sections/news/081006_NBC-WSJ_Full_Release.pdf	Registered Voters	0.52	0.35	0.13
2008-10-03	2008-10-05	USA Today/Gallup	Phone		Likely Voters	0.62	0.34	0.03
2008-10-03	2008-10-05	CBS News	Phone	http://www.pollster.com/blogs/us_obama_48_mccain_45_cbs_1035.php	Likely Voters	0.46	0.34	0.19
2008-10-03	2008-10-05	CNN	Phone	http://www.pollster.com/blogs/us_obama_53_mccain_45_cnn1035.php	Likely Voters	0.61	0.38	0.02
2008-10-01	2008-10-05	Democracy Corps (D)	Phone	http://www.democracycorps.com/wp-content/files/dcor100508fq13_pb.pdf	Likely Voters	0.49	0.41	0
2008-09-29	2008-10-05	Rasmussen	Automated Phone	http://www.rasmussenreports.com/public_content/politics/obama_administration/daily_presidential_approval_index	Likely Voters	0.5700000000000001	0.41000000000000003	0.02
2008-09-28	2008-09-30	Democracy Corps (D)	Phone	http://www.democracycorps.com/wp-content/files/dcor093008fq12_pb.pdf	Likely Voters	0.5	0.38	0
2008-09-27	2008-09-30	CBS News	Phone	http://www.cbsnews.com/stories/2008/10/01/opinion/polls/main4491938.shtml	Likely Voters	0.48	0.32	0.2
2008-09-27	2008-09-29	Pew	Phone	http://www.pollster.com/blogs/us_obama_49_mccain_43_pew92729.php	Likely Voters	0.65	0.3	0.05
2008-09-22	2008-09-28	Rasmussen	Automated Phone	http://www.rasmussenreports.com/public_content/politics/obama_administration/daily_presidential_approval_index	Likely Voters	0.56	0.42000000000000004	0.02
2008-09-21	2008-09-24	CBS/Times	Phone	http://www.cbsnews.com/htdocs/pdf/SEP08C-08Elec.pdf	Likely Voters	0.43	0.3	0.26
2008-09-22	2008-09-23	FOX	Phone	http://www.pollster.com/blogs/us_obama_45_mccain_39_fox92223.php	Registered Voters	0.57	0.33	0.1
2008-09-12	2008-09-22	NBC/WSJ	Phone	http://msnbcmedia.msn.com/i/msnbc/sections/news/080924_NBC-WSJ_Released.pdf	Registered Voters	0.48	0.36	0.16
2008-09-19	2008-09-21	CNN	Phone	http://politicalticker.blogs.cnn.com/2008/09/22/republicans-blamed-obama-gains-over-financial-crisis/	Likely Voters	0.61	0.36	0.02
2008-09-15	2008-09-21	Rasmussen	Automated Phone	http://www.rasmussenreports.com/public_content/politics/obama_administration/daily_presidential_approval_index	Likely Voters	0.56	0.43000000000000005	0.02
2008-09-12	2008-09-16	CBS/Times	Phone	http://graphics8.nytimes.com/packages/pdf/politics/20080918_POLL.pdf	Likely Voters	0.45	0.35	0.19
2008-09-05	2008-09-15	AP/Yahoo/KN	Internet	http://surveys.ap.org/data/KnowledgeNetworks/AP_Election_Wave7_Topline_091508.pdf	Adults	0.52	0.42	0.06
2008-09-09	2008-09-14	Pew	Phone	http://people-press.org/report/450/presidential-race-remains-even	Likely Voters	0.62	0.34	0.04
2008-09-08	2008-09-14	Rasmussen	Automated Phone	http://www.rasmussenreports.com/public_content/politics/obama_administration/daily_presidential_approval_index	Likely Voters	0.55	0.43999999999999995	0.02
2008-09-10	2008-09-11	Newsweek	Phone	http://www.newsweek.com/id/158627	Registered Voters	0.57	0.37	0.060000000000000005
2008-09-08	2008-09-10	Democracy Corps (D)	Phone	http://www.democracycorps.com/wp-content/files/dcor091008fq9.pdf	Likely Voters	0.47	0.41	0
2008-09-08	2008-09-09	FOX	Phone	http://www.foxnews.com/projects/pdf/091008poll1.pdf	Registered Voters	0.57	0.36	0.07
2008-09-06	2008-09-08	NBC/WSJ	Phone	http://www.pollster.com/blogs/us_obama_47_mccain_46_nbcwsj96.php	Registered Voters	0.53	0.32	0.15
2008-09-05	2008-09-07	ABC/Post	Phone	http://www.pollster.com/blogs/us_mccain_49_obama_47_abcpost9.php	Likely Voters	0.61	0.35	0.04
2008-09-05	2008-09-07	CNN	Phone	http://politicalticker.blogs.cnn.com/2008/09/08/cnn-poll-race-dead-even/	Registered Voters	0.6	0.34	0.06
2008-09-05	2008-09-07	USA Today/Gallup	Phone	http://www.pollster.com/blogs/us_mccain_54_obama_44_usatoday.php	Likely Voters	0.62	0.35	0.03
2008-09-01	2008-09-07	Rasmussen	Automated Phone	http://www.rasmussenreports.com/public_content/politics/obama_administration/daily_presidential_approval_index	Likely Voters	0.5700000000000001	0.41000000000000003	0.01
2008-08-27	2008-09-05	AP/Yahoo/KN	Internet	http://surveys.ap.org/data/KnowledgeNetworks/AP_Election_Wave6_Topline_W6%20ALL%20weight5_091808.pdf	Adults	0.52	0.42	0.05
2008-09-01	2008-09-03	CBS News	Phone	http://www.pollster.com/blogs/us_mccain_42_obama_42_cbs913.php	Registered Voters	0.38	0.34	0.27
2008-09-01	2008-09-03	Democracy Corps (D)	Phone	http://www.democracycorps.com/wp-content/files/dcor090308fq8.pdf	Likely Voters	0.49	0.37	0
2008-08-29	2008-08-31	Diageo/Hotline	Phone		Registered Voters	0.6	0.31	0.08
2008-08-29	2008-08-31	CBS	Phone	http://www.pollster.com/blogs/poll_cbs_news_national_82931.php	Registered Voters	0.39	0.34	0.26
2008-08-29	2008-08-31	CNN	Phone	http://www.pollster.com/blogs/poll_cnn_national_82931.php	Registered Voters	0.64	0.33	0.02
2008-08-25	2008-08-31	Rasmussen	Automated Phone	http://www.rasmussenreports.com/public_content/politics/obama_administration/daily_presidential_approval_index	Likely Voters	0.56	0.43000000000000005	0.02
2008-08-23	2008-08-24	CNN	Phone	http://www.cnn.com/2008/POLITICS/08/24/election.2008.poll/index.html	Registered Voters	0.6	0.36	0.03
2008-08-18	2008-08-24	Rasmussen	Automated Phone	http://www.rasmussenreports.com/public_content/politics/obama_administration/daily_presidential_approval_index	Likely Voters	0.55	0.43000000000000005	0.02
2008-08-21	2008-08-23	USA Today/Gallup	Phone	http://www.usatoday.com/news/politics/election2008/2008-08-24-campaignpoll_N.htm?loc=interstitialskip	Likely Voters	0.63	0.32	0.05
2008-08-19	2008-08-22	ABC/Post	Phone	http://www.pollster.com/blogs/poll_abcpost_national_81922.php	Registered Voters	0.62	0.34	0.04
2008-08-15	2008-08-19	CBS/Times	Phone	http://www.pollster.com/blogs/poll_cbstimes_national_81519.php	Registered Voters	0.39	0.32	0.29
2008-08-15	2008-08-18	NBC/WSJ	Phone	http://www.pollster.com/blogs/poll_nbcwsj_national_81518.php	Registered Voters	0.5	0.36	0.14
2008-08-11	2008-08-17	Rasmussen	Automated Phone	http://www.rasmussenreports.com/public_content/politics/obama_administration/daily_presidential_approval_index	Likely Voters	0.54	0.43000000000000005	0.02
2008-08-04	2008-08-10	Rasmussen	Automated Phone	http://www.rasmussenreports.com/public_content/politics/obama_administration/daily_presidential_approval_index	Likely Voters	0.54	0.44000000000000006	0.02
2008-07-31	2008-08-05	CBS	Phone	http://www.pollster.com/blogs/poll_cbs_national_731_85.php	Registered Voters	0.37	0.32	0.3
2008-07-28	2008-08-03	Rasmussen	Automated Phone	http://www.rasmussenreports.com/public_content/politics/obama_administration/daily_presidential_approval_index	Likely Voters	0.54	0.44000000000000006	0.02
2008-07-27	2008-07-29	CNN	Phone	http://www.pollster.com/blogs/poll_cnn_national_72729.php	Registered Voters	0.63	0.33	0.04
2008-07-25	2008-07-27	USA Today/Gallup	Phone	http://www.pollster.com/blogs/poll_usatodaygallup_national_7.php	Likely Voters	0.61	0.35	0.04
2008-07-21	2008-07-27	Rasmussen	Automated Phone	http://www.rasmussenreports.com/public_content/politics/obama_administration/daily_presidential_approval_index	Likely Voters	0.56	0.42000000000000004	0.02
2008-07-18	2008-07-21	NBC/WSJ	Phone	http://www.pollster.com/blogs/poll_nbcwsj_national_718.php	Registered Voters	0.48	0.34	0.18
2008-07-14	2008-07-20	Rasmussen	Automated Phone	http://www.rasmussenreports.com/public_content/politics/obama_administration/daily_presidential_approval_index	Likely Voters	0.54	0.44000000000000006	0.02
2008-07-07	2008-07-14	CBS/Times	Phone	http://www.pollster.com/blogs/poll_cbstimes_national_2.php	Registered Voters	0.39	0.31	0.27999999999999997
2008-07-07	2008-07-13	Rasmussen	Automated Phone	http://www.rasmussenreports.com/public_content/politics/obama_administration/daily_presidential_approval_index	Likely Voters	0.55	0.43000000000000005	0.02
2008-07-09	2008-07-10	Newsweek	Phone	http://www.newsweek.com/id/145737	Registered Voters	0.56	0.32	0.12
2008-06-30	2008-07-06	Rasmussen	Automated Phone	http://www.rasmussenreports.com/public_content/politics/obama_administration/daily_presidential_approval_index	Likely Voters	0.56	0.42000000000000004	0.02
2008-06-26	2008-06-29	CNN	Phone	http://www.pollster.com/blogs/poll_cnn_national_1.php	Registered Voters	0.63	0.32	0.04
2008-06-23	2008-06-29	Rasmussen	Automated Phone	http://www.rasmussenreports.com/public_content/politics/obama_administration/daily_presidential_approval_index	Likely Voters	0.55	0.43000000000000005	0.02
2008-06-13	2008-06-23	AP/Yahoo/KN	Internet	http://us.lrd.yahoo.com/_ylt=ArOJv4E.Ca18DFyhlOUjxNR2KY54/SIG=12ierhvjm/**http%3A//l.yimg.com/a/i/us/nws/elections/ap_election_wave9_topline_102708v2.pdf	Adults	0.49	0.44	0.07
2008-06-16	2008-06-22	Rasmussen	Automated Phone	http://www.rasmussenreports.com/public_content/politics/obama_administration/daily_presidential_approval_index	Likely Voters	0.56	0.42000000000000004	0.02
2008-06-18	2008-06-19	Newsweek	Phone	http://www.psra.com/_uploads/0806%20ftop%20620.pdf	Registered Voters	0.62	0.26	0.12
2008-06-15	2008-06-19	USA Today/Gallup	Phone	http://www.usatoday.com/news/politics/election2008/2008-06-20-poll-friday_N.htm	Likely Voters	0.64	0.31	0.05
2008-06-12	2008-06-15	ABC/Post	Phone	http://abcnews.go.com/images/PollingUnit/1066a308Politics.pdf	Likely Voters	0.63	0.33	0.04
2008-06-09	2008-06-15	Rasmussen	Automated Phone	http://www.rasmussenreports.com/public_content/politics/obama_administration/daily_presidential_approval_index	Likely Voters	0.55	0.43000000000000005	0.02
2008-06-06	2008-06-09	NBC/WSJ	Phone	http://msnbcmedia.msn.com/i/msnbc/sections/news/080611_NBC-WSJ_Released.pdf	Registered Voters	0.48	0.33	0.19
2008-06-02	2008-06-08	Rasmussen	Automated Phone	http://www.rasmussenreports.com/public_content/politics/obama_administration/daily_presidential_approval_index	Likely Voters	0.56	0.42000000000000004	0.02
2008-05-30	2008-06-03	CBS	Phone	http://www.cbsnews.com/htdocs/pdf/may08b-GENERALELECTION.pdf	Registered Voters	0.41	0.31	0.27
2008-05-30	2008-06-01	USA Today/Gallup	Phone	http://blogs.usatoday.com/onpolitics/2008/06/gallup-obama-cl.html	Likely Voters	0.58	0.37	0.05
2008-05-21	2008-05-25	Pew	Phone	http://people-press.org/reports/questionnaires/425.pdf	Registered Voters	0.51	0.4	0.09
2008-05-21	2008-05-22	Newsweek	Phone	http://www.newsweek.com/id/138462	Registered Voters	0.55	0.4	0.05
2008-05-08	2008-05-12	Quinnipiac	Phone	http://www.quinnipiac.edu/x1284.xml?ReleaseID=1177&What=&strArea=;&strTime=0	Registered Voters	0.49	0.33	0.18
2008-05-01	2008-05-03	CBS/Times	Phone	http://graphics8.nytimes.com/packages/pdf/politics/20080505_POLL.pdf	Registered Voters	0.44	0.3	0.26
2008-05-01	2008-05-03	USA Today/Gallup	Phone	http://www.usatoday.com/news/politics/election2008/2008-05-04-obama_N.htm?loc=interstitialskip	Likely Voters	0.58	0.37	0.05
2008-04-28	2008-04-30	CNN	Phone	http://politicalticker.blogs.cnn.com/2008/05/01/cnn-poll-obama-losing-support/	Registered Voters	0.56	0.38	0.05
2008-04-25	2008-04-29	CBS/Times	Phone	http://www.cbsnews.com/stories/2008/04/30/opinion/polls/main4060081.shtml	Registered Voters	0.39	0.34	0.26
2008-04-25	2008-04-28	NBC/WSJ	Phone	http://msnbcmedia.msn.com/i/msnbc/sections/news/080430_NBC-WSJ_Released.pdf	Registered Voters	0.46	0.37	0.17
2008-04-23	2008-04-27	Pew	Phone	http://people-press.org/reports/questionnaires/414.pdf	Registered Voters	0.52	0.42	0.06
2008-04-24	2008-04-25	Newsweek	Phone	http://www.newsweek.com/id/134254	Registered Voters	0.53	0.4	0.06999999999999999
2008-04-18	2008-04-20	USA Today/Gallup	Phone	http://www.usatoday.com/news/politics/election2008/2008-04-21-poll_N.htm?csp=34	Adults	0.6	0.34	0.060000000000000005
2008-04-16	2008-04-17	Newsweek	Phone	http://www.newsweek.com/id/132730	Registered Voters	0.57	0.36	0.06999999999999999
2008-04-02	2008-04-14	AP/Yahoo/KN	Internet	http://us.lrd.yahoo.com/_ylt=ArOJv4E.Ca18DFyhlOUjxNR2KY54/SIG=12ierhvjm/**http%3A//l.yimg.com/a/i/us/nws/elections/ap_election_wave9_topline_102708v2.pdf	Adults	0.48	0.43	0.09
2008-04-10	2008-04-13	ABC/Post	Phone	http://www.washingtonpost.com/wp-srv/politics/documents/postpoll_041408.html?sid=ST2008041600002	Registered Voters	0.56	0.39	0.05
2008-03-28	2008-04-02	CBS/Times	Phone	http://graphics8.nytimes.com/packages/pdf/politics/20080403_POLL.pdf	Registered Voters	0.43	0.24	0.33
2008-03-28	2008-03-31	Diageo/Hotline	Phone	http://www.diageohotlinepoll.com/08_Mar_Data.pdf	Registered Voters	0.56	0.37	0.06999999999999999
2008-03-24	2008-03-25	NBC/WSJ	Phone	http://online.wsj.com/public/resources/documents/WSJ-20080326-poll.pdf	Registered Voters	0.49	0.32	0.19
2008-03-19	2008-03-22	Pew	Phone	http://people-press.org/reports/questionnaires/407.pdf	Registered Voters	0.56	0.34	0.09999999999999999
2008-03-15	2008-03-18	CBS	Phone	http://www.cbsnews.com/htdocs/pdf/MAR08A_DEMS.pdf	Registered Voters	0.44	0.28	0.28
2008-03-14	2008-03-16	USA Today/Gallup	Phone	http://blogs.usatoday.com/onpolitics/2008/03/usa-todaygallup.html?csp=34	Likely Voters	0.62	0.33	0.060000000000000005
2008-03-07	2008-03-10	NBC/WSJ	Phone	http://online.wsj.com/public/resources/documents/WSJ-20080312-poll.pdf	Registered Voters	0.51	0.28	0.21
2008-03-05	2008-03-06	Newsweek	Phone	http://www.newsweek.com/id/119953/	Registered Voters	0.61	0.28	0.11
2008-02-21	2008-02-25	Times/Bloomberg	Phone	http://www.calendarlive.com/media/acrobat/2008-02/36107716.pdf	Registered Voters	0.61	0.27	0.12
2008-02-21	2008-02-24	USA Today/Gallup	Phone	http://www.usatoday.com/news/polls/tables/live/2008-02-24-poll.htm	Likely Voters	0.61	0.32	0.06999999999999999
2008-02-20	2008-02-24	CBS/Times	Phone	http://www.cbsnews.com/htdocs/pdf/FEBA-GENERAL_ELECTION.pdf	Registered Voters	0.45	0.23	0.32
2008-02-08	2008-02-10	USA Today/Gallup	Phone	http://www.usatoday.com/news/polls/tables/live/2008-02-12-poll.htm	Likely Voters	0.58	0.34	0.08
2008-02-01	2008-02-03	CNN	Phone	http://www.cnn.com/2008/POLITICS/02/04/national.poll/index.html	Registered Voters	0.58	0.31	0.1
2008-01-30	2008-02-02	USA Today/Gallup	Phone		Adults	0.59	0.32	0.08
2008-01-18	2008-01-28	AP-Yahoo	Phone	http://surveys.ap.org/	Adults	0.49	0.36	0.15000000000000002
2008-01-20	2008-01-22	NBC/WSJ	Phone	http://msnbcmedia.msn.com/i/msnbc/sections/news/080124_NBC-WSJ_Full.pdf	Adults	0.47	0.27	0.26
2008-01-10	2008-01-13	USA Today/Gallup	Phone	http://blogs.usatoday.com/onpolitics/2008/01/usatgallup-poll.html	Likely Voters	0.59	0.32	0.09
2008-01-09	2008-01-12	ABC/Post	Phone	http://www.washingtonpost.com/wp-srv/politics/polls/postpoll_011408.html?sid=ST2008011302558	Adults	0.63	0.3	0.07
2008-01-08	2008-01-10	CNN	Phone	http://i.a.cnn.net/cnn/2008/images/01/11/rel1a.pdf	Registered Voters	0.55	0.28	0.16999999999999998
2007-12-14	2007-12-20	AP-Yahoo	Phone	http://surveys.ap.org/	Adults	0.47	0.35	0.19
2007-12-14	2007-12-17	NBC/WSJ	Phone	http://online.wsj.com/public/resources/documents/wsjnbcpoll20071219.pdf	Adults	0.45999999999999996	0.26	0.28
2007-12-14	2007-12-16	Gallup	Phone	http://blogs.usatoday.com/onpolitics/2007/12/usatgallup-poll.html	Adults	0.57	0.3	0.13
2007-11-30	2007-12-02	Gallup	Phone	http://www.usatoday.com/news/polls/tables/live/2007-12-03-politics-poll.htm?loc=interstitialskip	Adults	0.53	0.33	0.13
2007-11-05	2007-11-12	AP-Yahoo	Phone	http://surveys.ap.org/	Adults	0.44	0.33	0.23
2007-11-01	2007-11-05	NBC/WSJ	Phone	http://online.wsj.com/public/resources/documents/wsjnbcpoll20071108.pdf	Adults	0.43000000000000005	0.24	0.32999999999999996
2007-11-02	2007-11-04	Gallup	Phone	http://www.usatoday.com/news/polls/tables/live/2007-11-06-politics.htm?loc=interstitialskip	Adults	0.53	0.3	0.17
2007-10-29	2007-11-01	ABC/Post	Phone	http://abcnews.go.com/images/PollingUnit/1050a1ElectionYear-Out.pdf	Adults	0.51	0.36	0.13
2007-10-23	2007-10-29	Quinnipiac	Phone		Registered Voters	0.5	0.26	0.22999999999999998
2007-10-12	2007-10-16	CBS/Times	Phone		Registered Voters	0.38	0.24	0.37
2007-10-12	2007-10-14	Gallup	Phone	http://www.pollster.com/blogs/poll_usa_todaygallup_08_primar_3.php	Adults	0.53	0.32	0.15
2007-10-04	2007-10-07	Gallup	Phone		Adults	0.54	0.27	0.19
2007-09-14	2007-09-16	Gallup	Phone		Adults	0.56	0.29	0.15000000000000002
2007-09-07	2007-09-10	NBC/WSJ	Phone		Adults	0.42000000000000004	0.25	0.33
2007-09-04	2007-09-09	CBS/Times	Phone		Registered Voters	0.35	0.21	0.43
2007-09-07	2007-09-08	Gallup	Phone		Adults	0.48	0.32	0.21000000000000002
2007-08-01	2007-08-18	Pew	Phone		Registered Voters	0.48	0.26	0.26
2007-08-13	2007-08-16	Gallup	Phone		Adults	0.52	0.29	0.19
2007-08-07	2007-08-13	Quinnipiac	Phone		Registered Voters	0.48	0.22	0.31000000000000005
2007-08-08	2007-08-12	CBS/Times	Phone		Registered Voters	0.36	0.2	0.44000000000000006
2007-08-03	2007-08-05	Gallup	Phone		Adults	0.48	0.34	0.18
2007-07-27	2007-07-30	NBC/WSJ	Phone		Adults	0.42000000000000004	0.22	0.36
2007-07-09	2007-07-17	CBS/Times	Phone		Registered Voters	0.37	0.21	0.42
2007-07-12	2007-07-15	Gallup	Phone		Adults	0.49	0.26	0.25
2007-07-07	2007-07-09	CNN	Phone		Adults	0.49	0.27	0.23
2007-07-06	2007-07-08	Gallup	Phone		Adults	0.53	0.27	0.21000000000000002
2007-07-02	2007-07-03	Newsweek	Phone		Registered Voters	0.54	0.19	0.27
2007-06-26	2007-06-28	CBS/Times	Phone		Registered Voters	0.4	0.22	0.37
2007-06-22	2007-06-24	CNN	Phone	http://politicalticker.blogs.cnn.com/2007/06/25/poll-bloomberg-could-have-perot-like-effect/	Registered Voters	0.47	0.24	0.29000000000000004
2007-06-01	2007-06-03	Gallup	Phone		Adults	0.53	0.25	0.23
2007-05-18	2007-05-23	CBS/Times	Phone		Registered Voters	0.34	0.21	0.45
2007-05-10	2007-05-13	Gallup	Phone		Adults	0.55	0.2	0.25
2007-05-04	2007-05-06	Gallup	Phone		Adults	0.5	0.24	0.25
2007-04-20	2007-04-23	NBC/WSJ	Phone		Adults	0.45	0.14	0.41000000000000003
2007-04-13	2007-04-15	Gallup	Phone		Adults	0.52	0.27	0.2
2007-04-09	2007-04-12	CBS/Times	Phone		Registered Voters	0.36	0.18	0.45999999999999996
2007-04-02	2007-04-05	Gallup	Phone		Adults	0.49	0.24	0.26
2007-03-29	2007-04-01	Diageo/Hotline	Phone	http://www.diageohotlinepoll.com/documents/diageohotlinepoll/07_Mar_Data.pdf	Registered Voters	0.47	0.22	0.31
2007-03-26	2007-03-27	CBS/Times	Phone		Adults	0.31	0.17	0.51
2007-03-23	2007-03-25	Gallup	Phone		Adults	0.53	0.24	0.23
2007-03-09	2007-03-11	CNN	Phone		Adults	0.44	0.21	0.35
2007-03-07	2007-03-11	CBS/Times	Phone		Adults	0.39	0.18	0.43000000000000005
2007-03-02	2007-03-05	NBC/WSJ	Phone		Adults	0.37	0.16999999999999998	0.46
2007-03-02	2007-03-04	Gallup	Phone		Adults	0.58	0.18	0.24
2007-02-22	2007-02-25	ABC/Post	Phone		Adults	0.53	0.3	0.16
2007-02-21	2007-02-24	Diageo/Hotline	Phone	http://www.diageohotlinepoll.com/documents/diageohotlinepoll/07_Feb_Data.pdf	Registered Voters	0.5	0.19	0.31
2007-02-09	2007-02-11	USA Today/Gallup	Phone		Adults	0.53	0.19	0.28
2007-01-18	2007-01-21	CBS/Times	Phone		Registered Voters	0.29	0.09	0.61
2007-01-16	2007-01-19	ABC/Post	Phone	http://abcnews.go.com/images/US/1029a1'08Election.pdf	Adults	0.45	0.29	0.25
2007-01-11	2007-01-14	Diageo/Hotline	Phone	http://www.diageohotlinepoll.com/07_Jan_Data.pdf	Registered Voters	0.45	0.17	0.39
2007-01-01	2007-01-03	CBS/Times	Phone		Adults	0.28	0.1	0.61
