2012-11-04	2012-11-05	Politico/GWU/Battleground	Phone	http://www.politico.com/news/stories/1112/83380.html	Likely Voters	0.47	0.47	0.06
2012-11-03	2012-11-05	YouGov/Economist	Internet	http://cdn.yougov.com/cumulus_uploads/document/6pkdh10fns/econToplines.pdf	Likely Voters	0.49	0.47	0.05
2012-11-03	2012-11-05	Gravis Marketing	Automated Phone	http://www.gravispolls.com/2012/11/gravis-marketing-national-poll-shows.html	Likely Voters	0.48	0.48	0.04
2012-11-03	2012-11-05	IBD/TIPP	Phone	http://news.investors.com/special-report/508415-ibdtipp-poll.aspx	Likely Voters	0.5	0.49	0.01
2012-11-03	2012-11-05	Rasmussen	Automated Phone	http://www.rasmussenreports.com/public_content/politics/obama_administration/daily_presidential_tracking_poll	Likely Voters	0.48	0.49	0
2012-11-03	2012-11-05	JZ Analytics/Newsmax	Internet	http://www.jzanalytics.com/	Likely Voters	0.47	0.47	0.06
2012-11-03	2012-11-05	UPI/CVOTER	Phone		Likely Voters	0.49	0.48	0
2012-11-01	2012-11-05	Ipsos/Reuters (Web)	Internet	http://big.assets.huffingtonpost.com/ipsos110512.pdf	Likely Voters	0.48	0.46	0.06
2012-11-02	2012-11-04	ARG	Phone	http://americanresearchgroup.com/pres2012/NA12.html	Likely Voters	0.49	0.49	0.02
2012-11-02	2012-11-04	PPP (D-Americans United for Change)	Automated Phone	http://www.publicpolicypolling.com/pdf/2011/PPP_Release_TrackingPoll_113.pdf	Likely Voters	0.5	0.48	0.03
2012-11-02	2012-11-04	CNN	Phone	http://i2.cdn.turner.com/cnn/2012/images/11/04/top16.pdf	Likely Voters	0.49	0.49	0.02
2012-11-01	2012-11-04	ABC/Post	Phone	http://www.washingtonpost.com/blogs/the-fix/wp/2012/11/05/wapo-abc-tracking-poll-final-weekend-tally-is-obama-50-romney-47-still-a-margin-of-error-contest/	Likely Voters	0.5	0.47	0.02
2012-11-01	2012-11-04	Gallup	Phone	http://www.gallup.com/poll/157817/election-2012-likely-voters-trial-heat-obama-romney.aspx	Likely Voters	0.48	0.49	0
2012-11-01	2012-11-04	DailyKos/SEIU/PPP (D)	Automated Phone	http://www.dailykos.com/weeklypolling/2012/11/1	Likely Voters	0.5	0.48	0.02
2012-11-01	2012-11-04	Monmouth	Mixed	http://cms.monmouth.edu/assets/0/84/159/2147483694/c8af3c69-d7c7-4f41-9749-99d4fa948484.pdf	Likely Voters	0.48	0.48	0.04
2012-11-01	2012-11-04	Democracy Corps (D)	Phone	http://big.assets.huffingtonpost.com/demcorpstracker.pdf	Likely Voters	0.49	0.45	0.01
2012-11-01	2012-11-03	Angus-Reid	Internet	http://www.angus-reid.com/polls/47681/obama-holds-upper-hand-over-romney-in-national-u-s-race/	Likely Voters	0.51	0.48	0.01
2012-11-01	2012-11-03	NBC/WSJ	Phone	http://firstread.nbcnews.com/_news/2012/11/04/14924205-final-national-nbcwsj-poll-before-tuesday-obama-48-percent-romney-47-percent?lite	Likely Voters	0.48	0.47	0.05
2012-10-31	2012-11-03	YouGov	Internet	http://cdn.yougov.com/r/1/ygTabs_november_likelyvoters_National.pdf	Likely Voters	0.49	0.47	0.05
2012-10-31	2012-11-03	Pew	Phone	http://www.people-press.org/2012/11/04/obama-gains-edge-in-campaigns-final-days/	Likely Voters	0.48	0.45	0.03
2012-11-02	2012-11-02	UPI/CVOTER	Phone		Likely Voters	0.49	0.48	0
2012-10-31	2012-11-02	Rasmussen	Automated Phone	http://www.rasmussenreports.com/public_content/archive/2012_presidential_election_matchups2	Likely Voters	0.48	0.48	0.03
2012-10-31	2012-11-01	Purple Strategies	Mixed	http://www.purplestrategies.com/wp-content/uploads/November110212_v4.pdf	Likely Voters	0.47	0.46	0.07
2012-10-30	2012-11-01	JZ Analytics/Newsmax	Internet	http://www.jzanalytics.com/	Likely Voters	0.48	0.46	0.06
2012-10-30	2012-11-01	PPP (D-Americans United for Change)	Automated Phone	http://www.publicpolicypolling.com/pdf/2011/PPP_Release_TrackingPoll_111.pdf	Likely Voters	0.49	0.48	0.03
2012-10-29	2012-11-01	Politico/GWU/Battleground	Phone	https://mediarelations.gwu.edu/sites/mediarelations.gwu.edu/files/downloads/Questionnaire%20and%20Results_6.pdf	Likely Voters	0.48	0.48	0.03
2012-10-26	2012-11-01	UPI/CVOTER	Phone	http://www.scribd.com/doc/111916274/UPI-CVoter-International-tracking-poll-11-2	Likely Voters	0.48	0.48	0
2012-10-29	2012-10-31	Washington Times/JZ Analytics	Phone	http://www.washingtontimes.com/news/2012/nov/1/poll-shows-obama-romney-in-a-dead-heat/	Likely Voters	0.49	0.49	0
2012-10-28	2012-10-31	ABC/Post	Phone	http://www.washingtonpost.com/blogs/the-fix/wp/2012/11/01/wapo-abc-tracking-poll-presidential-contest-as-close-as-close-can-be/	Likely Voters	0.49	0.48	0
2012-10-27	2012-10-31	Ipsos/Reuters (Web)	Internet	http://big.assets.huffingtonpost.com/ipsos103112.pdf	Likely Voters	0.47	0.46	0.07
2012-10-28	2012-10-30	FOX	Phone	http://www.foxnews.com/politics/interactive/2012/10/31/fox-news-poll-race-for-white-house-dead-heat/	Likely Voters	0.46	0.46	0.06999999999999999
2012-10-28	2012-10-30	Rasmussen	Automated Phone	http://www.rasmussenreports.com/public_content/archive/2012_presidential_election_matchups2	Likely Voters	0.47	0.49	0
2012-10-22	2012-10-30	High Point University	Phone	http://acme.highpoint.edu/~mkifer/src/19release.pdf	Registered Voters	0.46	0.43	0.12000000000000001
2012-10-27	2012-10-29	JZ Analytics/Newsmax	Internet	http://www.jzanalytics.com/	Likely Voters	0.46	0.47	0.07
2012-10-26	2012-10-28	YouGov/Economist	Internet	http://today.yougov.com/news/2012/10/31/hurricane-sandy-obama-one/	Likely Voters	0.48	0.47	0.04
2012-10-26	2012-10-28	PPP (D-Americans United for Change)	Automated Phone	http://www.publicpolicypolling.com/pdf/2011/102610271028TrackerResults.pdf	Likely Voters	0.48	0.49	0.03
2012-10-25	2012-10-28	United Technologies/National Journal	Phone	http://www.nationaljournal.com/daily/anger-aside-voters-favor-d-c-status-quo-20121031	Likely Voters	0.5	0.45	0
2012-10-25	2012-10-28	CBS/Times	Phone	http://big.assets.huffingtonpost.com/OctQuin.pdf	Likely Voters	0.48	0.47	0.04
2012-10-25	2012-10-28	DailyKos/SEIU/PPP (D)	Automated Phone	http://www.dailykos.com/weeklypolling/2012/10/25	Likely Voters	0.49	0.49	0.03
2012-10-25	2012-10-28	ARG	Phone	http://americanresearchgroup.com/pres2012/NA12.html	Likely Voters	0.48	0.48	0.04
2012-10-24	2012-10-28	Pew	Phone	http://www.people-press.org/2012/10/29/presidential-race-dead-even-romney-maintains-turnout-edge/	Likely Voters	0.47	0.47	0.06
2012-10-22	2012-10-28	Gallup	Phone	http://www.gallup.com/poll/157817/election-2012-likely-voters-trial-heat-obama-romney.aspx	Likely Voters	0.46	0.51	0
2012-10-25	2012-10-27	Rasmussen	Automated Phone	http://www.rasmussenreports.com/public_content/archive/2012_presidential_election_matchups2	Likely Voters	0.47	0.5	0
2012-10-24	2012-10-27	ABC/Post	Phone	http://www.washingtonpost.com/blogs/the-fix/wp/2012/10/29/wapo-abc-track-49-romney-48-obama-three-days-running/	Likely Voters	0.48	0.49	0.03
2012-10-22	2012-10-27	IBD/TIPP	Phone	http://news.investors.com/special-report/508415-ibdtipp-poll.aspx	Likely Voters	0.45	0.44	0.07
2012-10-22	2012-10-26	Ipsos/Reuters (Web)	Internet	http://big.assets.huffingtonpost.com/ipsos102612.pdf	Likely Voters	0.47	0.46	0.08
2012-10-23	2012-10-25	NPR	Phone	http://media.npr.org/documents/2012/oct/NPROctpoll.pdf	Likely Voters	0.47	0.48	0.06
2012-10-23	2012-10-25	PPP (D-Americans United for Change)	Automated Phone	http://www.publicpolicypolling.com/pdf/2011/102310241025Results.pdf	Likely Voters	0.48	0.48	0.03
2012-10-22	2012-10-25	Politico/GWU/Battleground	Phone	http://images.politico.com/global/2012/10/politico_gwbgp_oct29_questionnaire.html	Likely Voters	0.49	0.48	0.03
2012-10-19	2012-10-25	UPI/CVOTER	Phone	http://big.assets.huffingtonpost.com/upi102612.pdf	Likely Voters	0.48	0.48	0
2012-10-22	2012-10-24	Rasmussen	Automated Phone	http://www.rasmussenreports.com/public_content/archive/2012_presidential_election_matchups2	Likely Voters	0.47	0.5	0
2012-10-20	2012-10-23	ABC/Post	Phone	http://www.washingtonpost.com/blogs/the-fix/wp/2012/10/24/post-abc-tracking-poll-obama-wins-final-debate-romney-gains-supporters/	Likely Voters	0.48	0.49	0
2012-10-19	2012-10-23	AP-GfK	Phone	http://ap-gfkpoll.com/main/wp-content/uploads/2012/10/AP-GfK-Poll-October-2012-Topline_POLITICS.pdf	Likely Voters	0.45	0.47	0.08
2012-10-20	2012-10-22	PPP (D-Americans United for Change)	Automated Phone	http://www.publicpolicypolling.com/pdf/2011/102010211022TrackingPoll.pdf	Likely Voters	0.47	0.49	0.04
2012-10-20	2012-10-22	YouGov/Economist	Internet	http://cdn.yougov.com/cumulus_uploads/document/75qcgwj577/econToplines.pdf	Likely Voters	0.48	0.46	0.06
2012-10-19	2012-10-21	Rasmussen	Automated Phone	http://www.rasmussenreports.com/public_content/archive/2012_presidential_election_matchups2	Likely Voters	0.47	0.49	0.04
2012-10-18	2012-10-21	DailyKos/SEIU/PPP (D)	Automated Phone	http://www.dailykos.com/weeklypolling/2012/10/18	Likely Voters	0.48	0.48	0.04
2012-10-18	2012-10-21	ARG	Phone	http://americanresearchgroup.com/pres2012/NA12.html	Likely Voters	0.47	0.49	0.04
2012-10-18	2012-10-21	Democracy Corps (D)	Phone	http://www.democracycorps.com/attachments/article/918/dcor.ecn.fq.102112.pol.v2.pdf	Likely Voters	0.49	0.46	0.05
2012-10-18	2012-10-21	Monmouth	Mixed	http://www.monmouth.edu/assets/0/84/159/2147483694/0e2e970e-a544-4f4d-8659-6233705b8ae7.pdf	Likely Voters	0.45	0.48	0.08
2012-10-16	2012-10-21	IBD/TIPP	Phone	http://news.investors.com/special-report/508415-ibdtipp-poll.aspx	Likely Voters	0.47	0.43	0.07
2012-10-15	2012-10-21	Gallup	Phone	http://www.gallup.com/poll/157817/election-2012-likely-voters-trial-heat-obama-romney.aspx	Likely Voters	0.45	0.51	0
2012-10-18	2012-10-20	Washington Times/JZ Analytics	Phone	http://www.washingtontimes.com/news/2012/oct/21/obama-leads-in-latest-poll-as-romneyloses-bounce/	Likely Voters	0.5	0.47	0.03
2012-10-17	2012-10-20	CBS	Phone	http://www.cbsnews.com/8301-250_162-57537588/poll-ahead-of-third-debate-obama-leads-on-foreign-policy/?pageNum=2&tag=page	Likely Voters	0.48	0.46	0.06
2012-10-17	2012-10-20	NBC/WSJ	Phone	http://msnbcmedia.msn.com/i/MSNBC/Sections/A_Politics/nbc_oct_poll.pdf	Likely Voters	0.47	0.47	0.07
2012-10-16	2012-10-20	Ipsos/Reuters (Web)	Internet	http://big.assets.huffingtonpost.com/Ipsos102012.pdf	Likely Voters	0.46	0.45	0.08
2012-10-17	2012-10-19	PPP (D-Americans United for Change)	Automated Phone	http://www.publicpolicypolling.com/pdf/2011/PPP_Release_TrackingPoll_1019Evening.pdf	Likely Voters	0.49	0.47	0.04
2012-10-18	2012-10-18	Gravis Marketing	Automated Phone	http://www.gravispolls.com/2012/10/national-presidential-pollromney-46.html	Likely Voters	0.44	0.46	0.1
2012-10-16	2012-10-18	Rasmussen	Automated Phone	http://www.rasmussenreports.com/public_content/archive/2012_presidential_election_matchups2	Likely Voters	0.48	0.48	0
2012-10-14	2012-10-18	Politico/GWU/Battleground	Phone	http://images.politico.com/global/2012/10/politico_gwbgp_oct22_questionnaire.html	Likely Voters	0.47	0.49	0.04
2012-10-11	2012-10-18	UPI/CVOTER	Phone	http://www.upi.com/Top_News/US/2012/10/20/UPI-Poll-Obama-cuts-into-Romney-lead/UPI-19991350739458/	Likely Voters	0.46	0.48	0
2012-10-11	2012-10-16	UConn/Hartford Courant	Phone	http://articles.courant.com/2012-10-19/news/hc-president-poll-uconn-courant-20121018_1_hartford-courant-poll-gender-gap-new-hampshire-survey-center	Likely Voters	0.48	0.45	0.06999999999999999
2012-10-13	2012-10-15	YouGov/Economist	Internet	http://today.yougov.com/news/2012/10/17/likely-voters-give-president-one-point-edge/	Likely Voters	0.47	0.46	0.07
2012-10-13	2012-10-15	Rasmussen	Automated Phone	http://www.rasmussenreports.com/public_content/archive/2012_presidential_election_matchups2	Likely Voters	0.47	0.49	0
2012-10-11	2012-10-15	Ipsos/Reuters (Web)	Internet	http://big.assets.huffingtonpost.com/ipsos101512.pdf	Likely Voters	0.47	0.45	0.1
2012-10-10	2012-10-15	IBD/TIPP	Phone	http://news.investors.com/special-report/508415-ibdtipp-poll.aspx#ixzz29UJMj9LB	Likely Voters	0.47	0.46	0.05
2012-10-12	2012-10-14	DailyKos/SEIU/PPP (D)	Automated Phone	http://www.dailykos.com/weeklypolling/2012/10/12	Likely Voters	0.46	0.5	0.04
2012-10-11	2012-10-14	ARG	Phone	http://americanresearchgroup.com/pres2012/NA12-5.html	Likely Voters	0.47	0.48	0.05
2012-10-08	2012-10-14	Gallup	Phone	http://www.gallup.com/poll/157817/election-2012-likely-voters-trial-heat-obama-romney.aspx	Likely Voters	0.47	0.49	0
2012-10-12	2012-10-13	JZ Analytics/Newsmax	Internet	http://www.forbes.com/sites/johnzogby/2012/10/14/brand-new-nationwide-poll-obama-47-romney-44/	Likely Voters	0.47	0.44	0.09
2012-10-10	2012-10-13	ABC/Post	Phone	http://www.langerresearch.com/uploads/1142a12012ElectionUpdate.pdf	Likely Voters	0.49	0.46	0.04
2012-10-10	2012-10-12	Rasmussen	Automated Phone	http://www.rasmussenreports.com/public_content/archive/2012_presidential_election_matchups2	Likely Voters	0.48	0.49	0
2012-10-07	2012-10-11	Politico/GWU/Battleground	Phone	http://www.politico.com/news/stories/1012/82389.html	Likely Voters	0.49	0.48	0.03
2012-10-08	2012-10-10	Monmouth	Mixed	http://www.monmouth.edu/assets/0/84/159/2147483694/f84548f8-7dcc-4d33-9b5c-56d2e18df7f5.pdf	Likely Voters	0.46	0.47	0.07
2012-10-06	2012-10-10	Ipsos/Reuters (Web)	Internet	http://www.reuters.com/article/2012/10/10/us-usa-campaign-poll-idUSBRE8991FR20121010	Likely Voters	0.44	0.45	0.1
2012-10-04	2012-10-10	UPI/CVOTER	Phone	http://big.assets.huffingtonpost.com/UPICvoter1012.pdf	Likely Voters	0.46	0.49	0
2012-10-07	2012-10-09	FOX	Phone	http://www.foxnews.com/politics/interactive/2012/10/10/fox-news-poll-race-shifts-toward-romney-after-debate/	Likely Voters	0.45	0.46	0.09
2012-10-07	2012-10-09	Rasmussen	Automated Phone	http://www.rasmussenreports.com/public_content/archive/2012_presidential_election_matchups2	Likely Voters	0.47	0.48	0.05
2012-10-04	2012-10-09	IBD/TIPP	Phone	http://www.tipponline.com/home/tracking-poll/todays-daily-tracking-poll	Likely Voters	0.44	0.49	0.06999999999999999
2012-10-06	2012-10-08	YouGov/Economist	Internet	http://cdn.yougov.com/cumulus_uploads/document/oskexcz53d/econToplines.pdf	Likely Voters	0.49	0.46	0.05
2012-10-05	2012-10-08	ARG	Phone	http://americanresearchgroup.com/pres2012/NA12.html	Likely Voters	0.47	0.48	0.05
2012-10-05	2012-10-07	Washington Times/JZ Analytics	Phone	http://www.jzanalytics.com/DATA/10_08_12_TWT_ZOGBY_LV_POLL	Likely Voters	0.45	0.45	0.1
2012-10-04	2012-10-07	DailyKos/SEIU/PPP (D)	Automated Phone	http://www.dailykos.com/weeklypolling/2012/10/4	Likely Voters	0.47	0.49	0.04
2012-10-04	2012-10-07	Pew	Phone	http://www.people-press.org/2012/10/08/romneys-strong-debate-performance-erases-obamas-lead/	Likely Voters	0.45	0.49	0.06
2012-10-01	2012-10-07	Gallup	Phone	http://www.gallup.com/poll/150743/Obama-Romney.aspx	Registered Voters	0.5	0.45	0
2012-10-04	2012-10-06	Rasmussen	Automated Phone	http://www.rasmussenreports.com/public_content/archive/2012_presidential_election_matchups2	Likely Voters	0.47	0.49	0
2012-10-01	2012-10-05	Ipsos/Reuters (Web)	Internet	http://www.reuters.com/article/2012/10/05/us-usa-campaign-poll-idUSBRE8931E420121005	Likely Voters	0.46	0.44	0
2012-10-04	2012-10-04	Clarus	Phone	http://clarusrg.com/content/october-5-2012	Likely Voters	0.46	0.47	0.07
2012-10-01	2012-10-04	Politico/GWU/Battleground	Phone	http://www.politico.com/news/stories/1012/82122.html	Likely Voters	0.49	0.48	0.03
2012-10-01	2012-10-03	Rasmussen	Automated Phone	http://www.rasmussenreports.com/public_content/archive/2012_presidential_election_matchups2	Likely Voters	0.49	0.47	0
2012-10-02	2012-10-02	Clarus	Phone	http://clarusrg.com/content/october-5-2012	Likely Voters	0.49	0.45	0.06
2012-09-30	2012-10-02	McLaughlin (R-American Conservative Union)	Phone	http://mclaughlinonline.com/lib/sitefiles/National_ACU_10-3-12_Presentation_ACU.pdf	Likely Voters	0.49	0.45	0.06
2012-09-29	2012-10-01	YouGov/Economist	Internet	http://cdn.yougov.com/cumulus_uploads/document/j7g41wxzsz/econToplines.pdf	Likely Voters	0.49	0.44	0.07
2012-09-28	2012-09-30	CNN	Phone	http://i2.cdn.turner.com/cnn/2012/images/10/01/rel11a.pdf	Likely Voters	0.5	0.47	0.04
2012-09-28	2012-09-30	Rasmussen	Automated Phone	http://www.rasmussenreports.com/public_content/archive/2012_presidential_election_matchups2	Likely Voters	0.48	0.45	0
2012-09-27	2012-09-30	United Technologies/National Journal	Phone	http://www.nationaljournal.com/daily/obama-romney-tied-among-likely-voters-20121002	Likely Voters	0.47	0.47	0
2012-09-27	2012-09-30	DailyKos/SEIU/PPP (D)	Automated Phone	http://elections.dailykos.com/weeklypolling/2012/9/27	Likely Voters	0.49	0.45	0.06
2012-09-27	2012-09-30	ARG	Phone	http://americanresearchgroup.com/	Likely Voters	0.49	0.46	0.05
2012-09-26	2012-09-30	NPR	Phone	http://media.npr.org/documents/2012/oct/nprpoll.pdf	Likely Voters	0.51	0.44	0.05
2012-09-26	2012-09-30	NBC/WSJ	Phone	http://msnbcmedia.msn.com/i/MSNBC/Sections/A_Politics/_Today_Stories_Teases/NBCNews-WSJPoll_9-12.pdf	Likely Voters	0.49	0.46	0.05
2012-09-25	2012-09-30	Quinnipiac	Phone	http://www.quinnipiac.edu/institutes-and-centers/polling-institute/national/release-detail?ReleaseID=1801	Likely Voters	0.49	0.45	0.07
2012-09-24	2012-09-30	Gallup	Phone	http://www.gallup.com/poll/150743/Obama-Romney.aspx	Registered Voters	0.49	0.45	0
2012-09-27	2012-09-29	Washington Times/JZ Analytics	Phone	http://www.jzanalytics.com/	Likely Voters	0.5	0.41	0.09
2012-09-26	2012-09-29	ABC/Post	Phone	http://www.langerresearch.com/uploads/1141a1IntotheDebates.pdf	Likely Voters	0.49	0.47	0.03
2012-09-23	2012-09-29	UPI/CVOTER	Phone	http://www.scribd.com/doc/108575814/UPI-CVoter-Tracking-Poll-10-1	Likely Voters	0.49	0.46	0
2012-09-24	2012-09-28	Ipsos/Reuters (Web)	Internet	http://ipsos-na.com/download/pr.aspx?id=12032	Likely Voters	0.47	0.42	0.11
2012-09-25	2012-09-27	Rasmussen	Automated Phone	http://www.rasmussenreports.com/public_content/archive/2012_presidential_election_matchups2	Likely Voters	0.47	0.46	0.07
2012-09-24	2012-09-27	Merriman	Automated Phone	http://www.merrimanriver.com/files/MRG%202012%20Presidential%20Poll.pdf	Registered Voters	0.46	0.43	0.11
2012-09-24	2012-09-27	Politico/GWU/Battleground	Phone	http://www.politico.com/news/stories/0912/81830.html?hp=l1	Likely Voters	0.49	0.47	0
2012-09-24	2012-09-26	FOX	Phone	http://www.foxnews.com/politics/interactive/2012/09/27/fox-news-poll-voters-want-change-president-to-stand-up-for-free-speech/	Likely Voters	0.48	0.43	0.08
2012-09-22	2012-09-24	YouGov/Economist	Internet	http://cdn.yougov.com/cumulus_uploads/document/dqvatpi3fj/econToplines.pdf	Registered Voters	0.48	0.43	0.09
2012-09-22	2012-09-24	Rasmussen	Automated Phone	http://www.rasmussenreports.com/public_content/archive/2012_presidential_election_matchups2	Likely Voters	0.47	0.46	0.07
2012-09-21	2012-09-24	Bloomberg	Phone	http://media.bloomberg.com/bb/avfile/rhMzOK9Gexhs	Likely Voters	0.49	0.43	0.08
2012-09-20	2012-09-23	DailyKos/SEIU/PPP (D)	Automated Phone	http://elections.dailykos.com/weeklypolling/2012/9/20	Likely Voters	0.5	0.45	0.05
2012-09-17	2012-09-23	Gallup	Phone	http://www.gallup.com/poll/150743/Obama-Romney.aspx	Registered Voters	0.48	0.46	0
2012-09-21	2012-09-22	JZ Analytics	Internet	http://www.jzanalytics.com/DATA/Crosstabs_Voters_2way_and_5way_horserace_092112	Likely Voters	0.49	0.41	0.1
2012-09-16	2012-09-22	UPI/CVOTER	Phone	http://www.upi.com/Top_News/US/2012/09/24/UPI-Poll-Obama-Romney-statistically-tied/UPI-94371348497872/	Likely Voters	0.49	0.46	0
2012-09-19	2012-09-21	Rasmussen	Automated Phone	http://www.rasmussenreports.com/public_content/archive/2012_presidential_election_matchups2	Likely Voters	0.46	0.46	0
2012-09-17	2012-09-21	Ipsos/Reuters (Web)	Internet	http://big.assets.huffingtonpost.com/Ipsos092112.pdf	Likely Voters	0.48	0.42	0.1
2012-09-19	2012-09-20	Angus-Reid	Internet	http://www.angus-reid.com/wp-content/uploads/2012/09/2012.09.21_Presidential_USA.pdf	Registered Voters	0.48	0.46	0.06
2012-09-17	2012-09-20	ARG	Phone	http://americanresearchgroup.com/	Likely Voters	0.49	0.47	0.04
2012-09-16	2012-09-20	Politico/GWU/Battleground	Phone	http://images.politico.com/global/2012/09/battlegroundpoll.html	Likely Voters	0.5	0.47	0.03
2012-09-15	2012-09-19	Allstate/National Journal	Phone	http://www.nationaljournal.com/2012-presidential-campaign/heartland-monitor-poll-obama-leads-50-percent-to-43-percent-20120921	Likely Voters	0.5	0.43	0
2012-09-16	2012-09-18	Rasmussen	Automated Phone	http://www.rasmussenreports.com/public_content/archive/2012_presidential_election_matchups2	Likely Voters	0.46	0.47	0.07
2012-09-11	2012-09-18	UConn/Hartford Courant	Phone	http://today.uconn.edu/blog/2012/09/uconncourant-poll-presidential-race-close-but-majority-thinks-obama-will-win/	Likely Voters	0.46	0.43	0.1
2012-09-15	2012-09-17	YouGov/Economist	Internet	http://cdn.yougov.com/cumulus_uploads/document/w8gq8k2j9r/econToplines.pdf	Registered Voters	0.49	0.44	0.06
2012-09-13	2012-09-17	Reason/Rupe	Phone	http://reason.com/assets/db/13481953038600.pdf	Likely Voters	0.52	0.45	0.04
2012-09-13	2012-09-17	AP-GfK	Phone	http://ap-gfkpoll.com/main/wp-content/uploads/2012/09/AP-GfK-Poll-September-2012-Topline_1st-release.pdf	Likely Voters	0.47	0.46	0.07
2012-09-13	2012-09-16	DailyKos/SEIU/PPP (D)	Automated Phone	http://elections.dailykos.com/weeklypolling/2012/9/13	Likely Voters	0.5	0.46	0.04
2012-09-13	2012-09-16	Monmouth	Mixed	http://www.monmouth.edu/assets/0/84/159/2147483694/31a5695e-db0d-4272-b292-b9640f4ff7fb.pdf	Likely Voters	0.48	0.45	0.07
2012-09-12	2012-09-16	Pew	Phone	http://www.people-press.org/2012/09/19/obama-ahead-with-stronger-support-better-image-and-lead-on-most-issues/	Likely Voters	0.51	0.43	0.06
2012-09-12	2012-09-16	NBC/WSJ	Phone	http://msnbcmedia.msn.com/i/MSNBC/Sections/A_Politics/_Today_Stories_Teases/September_WSJ_NBC_Poll.pdf	Likely Voters	0.5	0.45	0.06
2012-09-10	2012-09-16	Gallup	Phone	http://www.gallup.com/poll/150743/Obama-Romney.aspx	Registered Voters	0.48	0.45	0
2012-09-13	2012-09-15	Rasmussen	Automated Phone	http://www.rasmussenreports.com/public_content/archive/2012_presidential_election_matchups2	Likely Voters	0.46	0.47	0
2012-09-08	2012-09-14	UPI/CVOTER	Phone	http://www.upi.com/Top_News/US/2012/09/16/UPI-Poll-Obama-holds-lead-over-Romney/UPI-69521347819340/	Likely Voters	0.49	0.45	0
2012-09-09	2012-09-13	Ipsos/Reuters (Web)	Internet	http://big.assets.huffingtonpost.com/IpsosReuters120913.pdf	Likely Voters	0.48	0.41	0.11000000000000001
2012-09-11	2012-09-12	JZ Analytics	Internet	http://www.jzanalytics.com/DATA/Crosstabs_US_Voters_091112.pdf	Likely Voters	0.48	0.42	0.1
2012-09-10	2012-09-12	Rasmussen	Automated Phone	http://www.rasmussenreports.com/public_content/archive/2012_presidential_election_matchups2	Likely Voters	0.46	0.47	0.08
2012-09-08	2012-09-12	CBS/Times	Phone	http://s3.documentcloud.org/documents/432864/latest-cbs-news-new-york-times-poll.pdf	Likely Voters	0.49	0.46	0.04
2012-09-08	2012-09-12	Democracy Corps (D)	Phone	http://www.democracycorps.com/attachments/article/908/dcor.political.fq.09132012.web.pdf	Likely Voters	0.5	0.45	0.04
2012-09-09	2012-09-11	FOX	Phone	http://www.foxnews.com/politics/interactive/2012/09/12/fox-news-poll-obama-tops-romney-in-post-convention-poll-most-say-country-still/	Likely Voters	0.48	0.43	0.09000000000000001
2012-09-08	2012-09-10	YouGov/Economist	Internet	http://cdn.yougov.com/cumulus_uploads/document/38mwx7z6ey/econToplines.pdf	Registered Voters	0.49	0.45	0.06
2012-09-07	2012-09-10	Esquire/Yahoo! News	Phone	http://www.esquire.com/cm/esquire/data/esquire-yahoo-results-1.pdf	Likely Voters	0.5	0.46	0.05
2012-09-07	2012-09-10	Ipsos/Reuters	Phone	http://big.assets.huffingtonpost.com/ReutersIpsosSeptember2012.pdf	Likely Voters	0.48	0.45	0.07
2012-09-07	2012-09-09	DailyKos/SEIU/PPP (D)	Automated Phone	http://elections.dailykos.com/weeklypolling/2012/9/7	Likely Voters	0.5	0.44	0.06
2012-09-07	2012-09-09	ABC/Post	Phone	http://www.langerresearch.com/uploads/1140a1AftertheConventions.pdf	Likely Voters	0.49	0.48	0
2012-09-07	2012-09-09	CNN	Phone	http://politicalticker.blogs.cnn.com/2012/09/10/cnn-poll-obama-up-six-points-over-romney/	Likely Voters	0.52	0.46	0.03
2012-09-07	2012-09-09	Rasmussen	Automated Phone	http://www.rasmussenreports.com/public_content/archive/2012_presidential_election_matchups2	Likely Voters	0.5	0.45	0
2012-09-04	2012-09-09	TIPP/Investor's Business Daily/Christian Science Monitor	Phone	http://www.tipponline.com/presidency/news/presidency/race-tightens-as-obama-advantage-narrows-to-2-points	Registered Voters	0.46	0.44	0.1
2012-09-03	2012-09-09	Gallup	Phone	http://www.gallup.com/poll/150743/Obama-Romney.aspx	Registered Voters	0.49	0.44	0
2012-09-04	2012-09-08	Ipsos/Reuters (Web)	Internet	http://big.assets.huffingtonpost.com/reutersipsos090812.pdf	Likely Voters	0.47	0.43	0.1
2012-09-04	2012-09-06	ARG	Phone	http://americanresearchgroup.com/economy/	Likely Voters	0.46	0.49	0.05
2012-09-04	2012-09-06	Rasmussen	Automated Phone	http://www.rasmussenreports.com/public_content/archive/2012_presidential_election_matchups2	Likely Voters	0.45	0.46	0
2012-09-01	2012-09-03	YouGov/Economist	Internet	http://cdn.yougov.com/cumulus_uploads/document/xlycixojrf/econToplines.pdf	Registered Voters	0.47	0.46	0.07
2012-09-01	2012-09-03	Rasmussen	Automated Phone	http://www.rasmussenreports.com/public_content/archive/2012_presidential_election_matchups2	Likely Voters	0.45	0.47	0
2012-08-31	2012-09-03	CNN	Phone	http://politicalticker.blogs.cnn.com/2012/09/04/cnn-poll-did-romney-get-a-convention-bounce/	Likely Voters	0.48	0.48	0.03
2012-08-29	2012-09-02	Ipsos/Reuters (Web)	Internet	http://big.assets.huffingtonpost.com/ipsos090212.pdf	Likely Voters	0.45	0.45	0.1
2012-08-27	2012-09-02	Gallup	Phone	http://www.gallup.com/poll/150743/Obama-Romney.aspx	Registered Voters	0.47	0.46	0
2012-08-29	2012-08-31	Rasmussen	Automated Phone	http://www.rasmussenreports.com/public_content/archive/2012_presidential_election_matchups2	Likely Voters	0.44	0.47	0
2012-08-26	2012-08-28	Rasmussen	Automated Phone	http://www.rasmussenreports.com/public_content/archive/2012_presidential_election_matchups2	Likely Voters	0.46	0.45	0
2012-08-24	2012-08-28	Ipsos/Reuters (Web)	Internet	http://big.assets.huffingtonpost.com/ReutersIpsosConvention082812.pdf	Likely Voters	0.45	0.43	0.12000000000000001
2012-08-25	2012-08-27	YouGov/Economist	Internet	http://cdn.yougov.com/cumulus_uploads/document/k7rcu50rvy/econToplines.pdf	Registered Voters	0.46	0.47	0.08
2012-08-23	2012-08-27	Democracy Corps (D)	Phone	http://www.democracycorps.com/attachments/article/906/dcor.nat.polt.082812.pdf	Likely Voters	0.49	0.47	0.03
2012-08-23	2012-08-26	DailyKos/SEIU/PPP (D)	Automated Phone	http://elections.dailykos.com/weeklypolling/2012/8/23	Registered Voters	0.5	0.44	0.06
2012-08-22	2012-08-26	CBS	Phone	http://www.scribd.com/doc/104119402/Aug1b-Ctm-Elec?secret_password=24vdx7v29toba1fa1ie	Registered Voters	0.46	0.45	0.1
2012-08-20	2012-08-26	Gallup	Phone	http://www.gallup.com/poll/150743/Obama-Romney.aspx	Registered Voters	0.46	0.47	0
2012-08-23	2012-08-25	Rasmussen	Automated Phone	http://www.rasmussenreports.com/public_content/archive/2012_presidential_election_matchups2	Likely Voters	0.47	0.45	0
2012-08-22	2012-08-25	ABC/Post	Phone	http://www.langerresearch.com/uploads/1139a1IntotheConventions.pdf	Registered Voters	0.46	0.47	0.08
2012-08-22	2012-08-23	CNN	Phone	http://i2.cdn.turner.com/cnn/2012/images/08/24/rel8a.pdf	Likely Voters	0.49	0.47	0.04
2012-08-19	2012-08-23	Tarrance (R)	Phone	http://thepublicnotice.org/wp-content/uploads/2012/08/Public-Notice-August-Monitor-Survey.-Release-copy.pdf	Likely Voters	0.47	0.46	0.07
2012-08-20	2012-08-22	Rasmussen	Automated Phone	http://www.rasmussenreports.com/public_content/archive/2012_presidential_election_matchups2	Likely Voters	0.45	0.45	0
2012-08-16	2012-08-22	Resurgent Republic (R)	Phone	http://s3.amazonaws.com/resurgentrepublic.com/resurgentrepublic/production/assets/576/original/rr-aug-12-toplines.pdf	Registered Voters	0.46	0.45	0.09
2012-08-19	2012-08-21	FOX	Phone	http://www.foxnews.com/politics/interactive/2012/08/23/fox-news-poll-race-for-white-house-tightens/	Likely Voters	0.44	0.45	0.1
2012-08-18	2012-08-20	YouGov/Economist	Internet	http://cdn.yougov.com/cumulus_uploads/document/1wbynyqshc/econToplines.pdf	Registered Voters	0.45	0.45	0.09
2012-08-16	2012-08-20	AP-GfK	Phone	http://ap-gfkpoll.com/main/wp-content/uploads/2012/08/AP-GfK-Poll-August-2012-Topline-FINAL_politics.pdf	Registered Voters	0.47	0.46	0.06999999999999999
2012-08-16	2012-08-20	NBC/WSJ	Phone	http://msnbcmedia.msn.com/i/MSNBC/Sections/A_Politics/_Today_Stories_Teases/August_NBC-WSJ_Int_Sched.pdf	Registered Voters	0.48	0.44	0.08
2012-08-17	2012-08-19	Rasmussen	Automated Phone	http://www.rasmussenreports.com/public_content/archive/2012_presidential_election_matchups2	Likely Voters	0.43	0.44	0
2012-08-16	2012-08-19	DailyKos/SEIU/PPP (D)	Automated Phone	http://www.dailykos.com/weeklypolling/2012/8/16	Registered Voters	0.49	0.45	0.07
2012-08-15	2012-08-19	Monmouth	Mixed	http://www.monmouth.edu/assets/0/84/159/2147483694/9e0f1831-9dbd-4fa3-b0e3-59588c95ec61.pdf	Likely Voters	0.46	0.45	0.1
2012-08-13	2012-08-19	USC/LAT	Phone	http://www.gqrr.com/index.php?ID=2780	Likely Voters	0.48	0.46	0.06
2012-08-13	2012-08-19	Gallup	Phone	http://www.gallup.com/poll/150743/Obama-Romney.aspx	Registered Voters	0.45	0.47	0
2012-08-14	2012-08-16	Rasmussen	Automated Phone	http://www.rasmussenreports.com/public_content/archive/2012_presidential_election_matchups2	Likely Voters	0.46	0.45	0
2012-08-11	2012-08-13	YouGov/Economist	Internet	http://cdn.yougov.com/cumulus_uploads/document/lfu8cg1oh5/econToplines.pdf	Registered Voters	0.47	0.44	0.09
2012-08-11	2012-08-13	Rasmussen	Automated Phone	http://www.rasmussenreports.com/public_content/archive/2012_presidential_election_matchups2	Likely Voters	0.44	0.47	0
2012-08-09	2012-08-12	DailyKos/SEIU/PPP (D)	Automated Phone	http://www.dailykos.com/weeklypolling/2012/8/9	Registered Voters	0.47	0.45	0.08
2012-08-06	2012-08-12	Gallup	Phone	http://www.gallup.com/poll/150743/Obama-Romney.aspx	Registered Voters	0.46	0.46	0
2012-08-08	2012-08-10	Rasmussen	Automated Phone	http://www.rasmussenreports.com/public_content/archive/2012_presidential_election_matchups2	Likely Voters	0.44	0.46	0
2012-08-03	2012-08-10	TIPP/Investor's Business Daily/Christian Science Monitor	Phone	http://www.tipponline.com/presidency/news/presidency/obama-widens-lead-over-romney	Registered Voters	0.46	0.39	0.15
2012-08-05	2012-08-09	Politico/GWU/Battleground	Phone	http://images.politico.com/global/2012/08/politico_gw_bg_48_questionnaire.pdf	Likely Voters	0.48	0.46	0.05
2012-08-07	2012-08-08	CNN	Phone	http://politicalticker.blogs.cnn.com/2012/08/09/cnn-poll-obama-holds-7-point-lead-over-romney/	Registered Voters	0.52	0.45	0.04
2012-08-05	2012-08-07	FOX	Phone	http://www.foxnews.com/politics/interactive/2012/08/09/fox-news-poll-presidential-race/	Registered Voters	0.49	0.4	0.12
2012-08-05	2012-08-07	Rasmussen	Automated Phone	http://www.rasmussenreports.com/public_content/archive/2012_presidential_election_matchups2	Likely Voters	0.45	0.45	0
2012-08-04	2012-08-06	YouGov/Economist	Internet	http://cdn.yougov.com/cumulus_uploads/document/fazmvhzmj2/econToplines.pdf	Registered Voters	0.46	0.45	0.08
2012-08-02	2012-08-06	Ipsos/Reuters	Phone	http://ipsos-na.com/download/pr.aspx?id=11840	Registered Voters	0.49	0.42	0.1
2012-08-02	2012-08-05	DailyKos/SEIU/PPP (D)	Automated Phone	http://www.dailykos.com/weeklypolling/2012/8/2	Registered Voters	0.48	0.46	0.07
2012-07-30	2012-08-05	Gallup	Phone	http://www.gallup.com/poll/150743/Obama-Romney.aspx	Registered Voters	0.46	0.45	0
2012-07-25	2012-08-05	Post/Kaiser	Phone	http://www.washingtonpost.com/wp-srv/politics/polls/postkaiserpoll_20120805.html	Registered Voters	0.5	0.43	0.06
2012-08-02	2012-08-04	Rasmussen	Automated Phone	http://www.rasmussenreports.com/public_content/archive/2012_presidential_election_matchups2	Likely Voters	0.45	0.47	0
2012-07-30	2012-08-01	Rasmussen	Automated Phone	http://www.rasmussenreports.com/public_content/archive/2012_presidential_election_matchups2	Likely Voters	0.44	0.46	0
2012-07-28	2012-07-30	YouGov/Economist	Internet	http://cdn.yougov.com/cumulus_uploads/document/gz7vfdakvv/econToplines.pdf	Registered Voters	0.44	0.46	0.1
2012-07-27	2012-07-29	Rasmussen	Automated Phone	http://www.rasmussenreports.com/public_content/archive/2012_presidential_election_matchups2	Likely Voters	0.44	0.47	0
2012-07-26	2012-07-29	DailyKos/SEIU/PPP (D)	Automated Phone	http://dailykos.com/weeklypolling/2012/7/26	Registered Voters	0.48	0.47	0.05
2012-07-22	2012-07-29	Gallup	Phone	http://www.gallup.com/poll/150743/Obama-Romney.aspx	Registered Voters	0.46	0.46	0
2012-07-24	2012-07-26	Rasmussen	Automated Phone	http://www.rasmussenreports.com/public_content/archive/2012_presidential_election_matchups2	Likely Voters	0.44	0.49	0
2012-07-16	2012-07-26	Pew	Phone	http://big.assets.huffingtonpost.com/pew82.pdf	Registered Voters	0.51	0.41	0.07
2012-07-21	2012-07-25	Democracy Corps (D)	Phone	http://www.democracycorps.com/attachments/article/900/July_Dcorps_political_%20FQ.pdf	Likely Voters	0.5	0.46	0.04
2012-07-21	2012-07-23	YouGov/Economist	Internet	http://cdn.yougov.com/cumulus_uploads/document/t94ooj9582/20120721%20econToplines.pdf	Registered Voters	0.44	0.45	0.11
2012-07-21	2012-07-23	Rasmussen	Automated Phone	http://www.rasmussenreports.com/public_content/archive/2012_presidential_election_matchups2	Likely Voters	0.44	0.45	0
2012-07-19	2012-07-22	DailyKos/SEIU/PPP (D)	Automated Phone	http://dailykos.com/weeklypolling/2012/7/19	Registered Voters	0.46	0.46	0.08
2012-07-18	2012-07-22	NBC/WSJ	Phone	http://msnbcmedia.msn.com/i/MSNBC/Sections/A_Politics/_Today_Stories_Teases/12768_July_Poll.pdf	Registered Voters	0.49	0.43	0.08
2012-07-15	2012-07-21	Gallup	Phone	http://www.gallup.com/poll/150743/Obama-Romney.aspx	Registered Voters	0.46	0.45	0
2012-07-18	2012-07-20	Rasmussen	Automated Phone	http://www.rasmussenreports.com/public_content/archive/2012_presidential_election_matchups2	Likely Voters	0.46	0.46	0
2012-07-15	2012-07-17	FOX	Phone	http://www.foxnews.com/politics/interactive/2012/07/18/fox-news-poll-37-voters-say-are-better-off-than-four-years-ago/	Registered Voters	0.45	0.41	0.13
2012-07-15	2012-07-17	Rasmussen	Automated Phone	http://www.rasmussenreports.com/public_content/archive/2012_presidential_election_matchups2	Likely Voters	0.46	0.47	0
2012-07-14	2012-07-16	YouGov/Economist	Internet	http://cdn.yougov.com/cumulus_uploads/document/wxt8kj3j6n/econToplines.pdf	Registered Voters	0.47	0.44	0.09
2012-07-11	2012-07-16	CBS/Times	Phone	http://www.cbsnews.com/8301-250_162-57475191/cbs-news-new-york-times-poll-7-18-12/	Registered Voters	0.46	0.47	0.07
2012-07-12	2012-07-15	DailyKos/SEIU/PPP (D)	Automated Phone	http://dailykos.com/weeklypolling/2012/6/28	Registered Voters	0.48	0.46	0.07
2012-07-12	2012-07-14	Rasmussen	Automated Phone	http://www.rasmussenreports.com/public_content/archive/2012_presidential_election_matchups2	Likely Voters	0.45	0.45	0
2012-07-08	2012-07-14	Gallup	Phone	http://www.gallup.com/poll/150743/Obama-Romney.aspx	Registered Voters	0.47	0.45	0
2012-07-09	2012-07-12	NPR	Phone	http://www.npr.org/news/polls/npr.pdf	Likely Voters	0.47	0.45	0.05
2012-07-09	2012-07-11	Marist/McClatchy	Phone	http://www.mcclatchydc.com/2012/07/13/156143/mcclatchy-marist-poll-july-2012.html	Registered Voters	0.48	0.46	0.06
2012-07-09	2012-07-11	Rasmussen	Automated Phone	http://www.rasmussenreports.com/public_content/archive/2012_presidential_election_matchups2	Likely Voters	0.45	0.46	0
2012-07-07	2012-07-09	YouGov/Economist	Internet	http://cdn.yougov.com/cumulus_uploads/document/qmv1u9m8r1/econToplines.pdf	Registered Voters	0.43	0.44	0.14
2012-07-05	2012-07-09	Ipsos/Reuters	Phone	http://www.ipsos-na.com/download/pr.aspx?id=11798	Registered Voters	0.49	0.43	0.08
2012-06-28	2012-07-09	Pew	Phone	http://www.people-press.org/files/legacy-pdf/7-12-12%20Political%20Release.pdf	Registered Voters	0.5	0.43	0.06
2012-07-06	2012-07-08	Washington Times/JZ Analytics	Phone	http://www.washingtontimes.com/multimedia/image/polljpg_734693/#prettyPhoto	Likely Voters	0.42	0.43	0.15
2012-07-06	2012-07-08	Rasmussen	Automated Phone	http://www.rasmussenreports.com/public_content/archive/2012_presidential_election_matchups2	Likely Voters	0.45	0.46	0
2012-07-05	2012-07-08	ABC/Post	Phone	http://www.washingtonpost.com/page/2010-2019/WashingtonPost/2012/07/10/National-Politics/Polling/release_102.xml	Registered Voters	0.47	0.47	0.06
2012-07-01	2012-07-08	Quinnipiac	Phone	http://www.quinnipiac.edu/institutes-and-centers/polling-institute/national/release-detail?ReleaseID=1770	Registered Voters	0.46	0.43	0.11
2012-06-30	2012-07-07	Gallup	Phone	http://www.gallup.com/poll/150743/Obama-Romney.aspx	Registered Voters	0.47	0.45	0
2012-07-01	2012-07-05	Rasmussen	Automated Phone	http://www.rasmussenreports.com/public_content/archive/2012_presidential_election_matchups2	Likely Voters	0.44	0.46	0
2012-06-26	2012-07-05	TIPP/Investor's Business Daily/Christian Science Monitor	Phone	http://www.tipponline.com/presidency/news/presidency/race-tightens-in-the-aftermath-of-healthcare-ruling	Registered Voters	0.43	0.42	0.15000000000000002
2012-06-30	2012-07-02	YouGov/Economist	Internet	http://cdn.yougov.com/cumulus_uploads/document/kei4w7h2au/econToplines.pdf	Registered Voters	0.47	0.43	0.11
2012-06-28	2012-07-01	DailyKos/SEIU/PPP (D)	Automated Phone	http://dailykos.com/weeklypolling/2012/6/28	Registered Voters	0.48	0.45	0.06
2012-06-28	2012-07-01	CNN	Phone	http://i2.cdn.turner.com/cnn/2012/images/07/02/rel6b.pdf	Registered Voters	0.49	0.46	0.04
2012-06-28	2012-06-30	Rasmussen	Automated Phone	http://www.rasmussenreports.com/public_content/archive/2012_presidential_election_matchups2	Likely Voters	0.45	0.45	0
2012-06-23	2012-06-29	Gallup	Phone	http://www.gallup.com/poll/150743/Obama-Romney.aspx	Registered Voters	0.47	0.44	0
2012-06-28	2012-06-28	Newsweek/Daily Beast	Phone	http://www.thedailybeast.com/articles/2012/06/29/new-poll-voters-dislike-supreme-court-s-obamacare-ruling.html	Likely Voters	0.47	0.44	0.09
2012-06-25	2012-06-27	Rasmussen	Automated Phone	http://www.rasmussenreports.com/public_content/archive/2012_presidential_election_matchups2	Likely Voters	0.45	0.45	0
2012-06-23	2012-06-27	Democracy Corps (D)	Phone	http://www.democracycorps.com/strategy/2012/06/president-obama-makes-gains-in-winnable-race/	Likely Voters	0.49	0.46	0.03
2012-06-24	2012-06-26	FOX	Phone	http://www.foxnews.com/politics/interactive/2012/06/27/poll-voters-say-neither-candidate-has-plan-for-economy/	Registered Voters	0.45	0.4	0.16
2012-06-23	2012-06-25	YouGov/Economist	Internet	http://cdn.yougov.com/cumulus_uploads/document/cfvy9lxvl9/econToplines.pdf	Registered Voters	0.45	0.44	0.11000000000000001
2012-06-22	2012-06-24	Rasmussen	Automated Phone	http://www.rasmussenreports.com/public_content/archive/2012_presidential_election_matchups2	Likely Voters	0.45	0.47	0
2012-06-21	2012-06-24	DailyKos/SEIU/PPP (D)	Automated Phone	http://dailykos.com/weeklypolling/2012/6/21	Registered Voters	0.48	0.45	0.07
2012-06-20	2012-06-24	NBC/WSJ	Phone	http://msnbcmedia.msn.com/i/MSNBC/Sections/A_Politics/_Today_Stories_Teases/120626-JUNE-NBC-WSJ.pdf	Registered Voters	0.47	0.44	0.09
2012-06-16	2012-06-22	Gallup	Phone	http://www.gallup.com/poll/150743/Obama-Romney.aspx	Registered Voters	0.46	0.46	0
2012-06-19	2012-06-21	Rasmussen	Automated Phone	http://www.rasmussenreports.com/public_content/archive/2012_presidential_election_matchups2	Likely Voters	0.43	0.48	0
2012-06-16	2012-06-18	YouGov/Economist	Internet	http://cdn.yougov.com/cumulus_uploads/document/cfvy9lxvl9/econToplines.pdf	Registered Voters	0.44	0.44	0.12000000000000001
2012-06-16	2012-06-18	Rasmussen	Automated Phone	http://www.rasmussenreports.com/public_content/archive/2012_presidential_election_matchups2	Likely Voters	0.44	0.48	0
2012-06-15	2012-06-18	Bloomberg	Phone	http://media.bloomberg.com/bb/avfile/rQyA68BW5P20	Likely Voters	0.53	0.4	0.07
2012-06-14	2012-06-18	AP-GfK	Phone	http://ap-gfkpoll.com/main/wp-content/uploads/2012/06/AP-GfK-Poll-June-2012-Topline-FINAL_HC-new-again.pdf	Registered Voters	0.47	0.44	0.1
2012-06-14	2012-06-17	DailyKos/SEIU/PPP (D)	Automated Phone	http://dailykos.com/weeklypolling/2012/6/14	Registered Voters	0.49	0.45	0.06
2012-06-07	2012-06-17	Pew	Phone	http://www.people-press.org/files/legacy-pdf/06-21-12%20Voter%20Attitudes.pdf	Registered Voters	0.5	0.46	0.05
2012-06-13	2012-06-15	Rasmussen	Automated Phone	http://www.rasmussenreports.com/public_content/archive/2012_presidential_election_matchups2	Likely Voters	0.45	0.47	0
2012-06-09	2012-06-15	Gallup	Phone	http://www.gallup.com/poll/150743/Obama-Romney.aspx	Registered Voters	0.45	0.46	0
2012-06-10	2012-06-12	Rasmussen	Automated Phone	http://www.rasmussenreports.com/public_content/archive/2012_presidential_election_matchups2	Likely Voters	0.44	0.48	0
2012-06-09	2012-06-11	YouGov/Economist	Internet	http://cdn.yougov.com/cumulus_uploads/document/u3436zp4v5/econToplines.pdf	Registered Voters	0.44	0.42	0.15000000000000002
2012-06-07	2012-06-11	Ipsos/Reuters	Phone	http://big.assets.huffingtonpost.com/June12ReutersIpsos.pdf	Registered Voters	0.45	0.44	0.11
2012-06-07	2012-06-10	DailyKos/SEIU/PPP (D)	Automated Phone	http://dailykos.com/weeklypolling/2012/6/7	Registered Voters	0.5	0.42	0.08
2012-06-07	2012-06-09	Rasmussen	Automated Phone	http://www.rasmussenreports.com/public_content/archive/2012_presidential_election_matchups2	Likely Voters	0.45	0.46	0
2012-06-02	2012-06-08	Gallup	Phone	http://www.gallup.com/poll/150743/Obama-Romney.aspx	Registered Voters	0.46	0.45	0
2012-06-01	2012-06-08	TIPP/Investor's Business Daily/Christian Science Monitor	Phone	http://www.tipponline.com/presidency/news/presidency/obama-ahead-by-4-points-over-romney	Registered Voters	0.46	0.42	0.12000000000000001
2012-06-03	2012-06-07	Tarrance (R)	Phone	http://www.bankruptingamerica.org/poll/memorandum-june-monitor-survey/	Likely Voters	0.47	0.46	0
2012-06-04	2012-06-06	Monmouth	Mixed	http://www.monmouth.edu/assets/0/84/159/2147483694/a40d8817-79e0-4025-8dcc-0cda6ce63d3c.pdf	Likely Voters	0.47	0.46	0.07
2012-06-04	2012-06-06	Rasmussen	Automated Phone	http://www.rasmussenreports.com/public_content/archive/2012_presidential_election_matchups2	Likely Voters	0.46	0.46	0
2012-06-03	2012-06-05	FOX	Phone	http://www.foxnews.com/politics/interactive/2012/05/16/fox-news-poll-presidential-race/	Registered Voters	0.43	0.43	0.14
2012-06-02	2012-06-04	YouGov/Economist	Internet	http://cdn.yougov.com/cumulus_uploads/document/h5w42vv4f3/econToplines.pdf	Registered Voters	0.47	0.42	0.11
2012-06-01	2012-06-03	Rasmussen	Automated Phone	http://www.rasmussenreports.com/public_content/politics/obama_administration/obama_approval_index_history	Likely Voters	0.44	0.47	0
2012-05-31	2012-06-03	DailyKos/SEIU/PPP (D)	Automated Phone	http://dailykos.com/weeklypolling/2012/5/31	Registered Voters	0.5	0.42	0.08
2012-05-09	2012-06-03	Pew	Phone	http://www.people-press.org/files/legacy-pdf/06-05-2012%20Econ%20News%20FINAL.pdf	Registered Voters	0.49	0.42	0.09
2012-05-25	2012-06-01	Gallup	Phone	http://www.gallup.com/poll/153902/Romney-Obama-Tight-Race-Gallup-Daily-Tracking-Begins.aspx?utm_source=alert&utm_medium=email&utm_campaign=syndication&utm_content=morelink&utm_term=Politics	Registered Voters	0.46	0.45	0
